species_code,region_type,region_code,region_name,continent_code,continent_name,season,abundance_mean,total_pop_percent,continent_pop_percent,range_occupied_percent,range_total_percent,range_days_occupation,max_week,max_week_percent_pop,speciesCode,commonName
woothr,country,BLZ,Belize,NA,North America,nonbreeding,0.38667512341795457,0.08047726311002679,0.08047726311002679,0.585053294615729,0.04558523918493662,105,2023-01-25,0.09543813989309576,woothr,Wood Thrush
woothr,country,BLZ,Belize,NA,North America,postbreeding_migration,0.14254394091054054,0.015899076235609214,0.015899076235609214,0.5636448166721465,0.006241441004443086,42,2023-11-01,0.08262446703526058,woothr,Wood Thrush
woothr,country,BLZ,Belize,NA,North America,prebreeding_migration,0.1102507151661222,0.003797028962531564,0.003797028962531564,0.42442367488658533,0.003835684865913614,63,2023-03-15,0.09445056786875124,woothr,Wood Thrush
woothr,country,CAN,Canada,NA,North America,breeding,0.01841605333761708,0.04548561013828456,0.04548561013828456,0.07905480386270008,0.11385027969571232,63,2023-05-31,0.05275674346178669,woothr,Wood Thrush
woothr,country,CAN,Canada,NA,North America,postbreeding_migration,7.830296500235137e-4,0.009016311823938972,0.009016311823938972,0.04393339562612142,0.050222891077510545,56,2023-08-02,0.02089291101699088,woothr,Wood Thrush
woothr,country,CAN,Canada,NA,North America,prebreeding_migration,0.006496425536643996,0.02862375169142737,0.02862375169142737,0.07539764144435054,0.08717474279351421,28,2023-05-24,0.05760315847451171,woothr,Wood Thrush
woothr,country,CRI,Costa Rica,NA,North America,nonbreeding,0.02349711263164332,0.0105940050215448,0.0105940050215448,0.18385135216801815,0.031032327297152947,105,2023-12-20,0.01461928310180738,woothr,Wood Thrush
woothr,country,CRI,Costa Rica,NA,North America,postbreeding_migration,0.00863295681900677,0.002085938063792284,0.002085938063792284,0.21844242496208005,0.005240045422129673,49,2023-11-01,0.01268913242739697,woothr,Wood Thrush
woothr,country,CRI,Costa Rica,NA,North America,prebreeding_migration,0.00734969906438309,5.483410532480993e-4,5.483410532480993e-4,0.15042051441699422,0.0029448901364049936,56,2023-03-08,0.012406191228241012,woothr,Wood Thrush
woothr,country,CUB,Cuba,NA,North America,postbreeding_migration,3.2928183669191075e-4,5.122143568075261e-5,5.122143568075261e-5,0.05070651723504056,7.830761118500271e-4,21,2023-10-25,9.504580352418068e-4,woothr,Wood Thrush
woothr,country,GTM,Guatemala,NA,North America,nonbreeding,0.24238256285772436,0.2080399953445562,0.2080399953445562,0.4192063517812522,0.1347023460101153,105,2023-02-08,0.24342034380898575,woothr,Wood Thrush
woothr,country,GTM,Guatemala,NA,North America,postbreeding_migration,0.08676147292212909,0.0390574246730571,0.0390574246730571,0.4379995178901916,0.01957521506115046,42,2023-11-01,0.21579278883927855,woothr,Wood Thrush
woothr,country,GTM,Guatemala,NA,North America,prebreeding_migration,0.08708298054941895,0.011970808803183705,0.011970808803183705,0.3871300797601824,0.013964582285291231,63,2023-03-15,0.2626686700706011,woothr,Wood Thrush
woothr,country,HND,Honduras,NA,North America,nonbreeding,0.2023917157269635,0.1930862744556867,0.1930862744556867,0.5984345123414008,0.2137357383396091,105,2023-02-15,0.22062698853522647,woothr,Wood Thrush
woothr,country,HND,Honduras,NA,North America,postbreeding_migration,0.06820885428538816,0.034873504319460936,0.034873504319460936,0.5452955761973268,0.02767853070121277,49,2023-10-25,0.19594747441576785,woothr,Wood Thrush
woothr,country,HND,Honduras,NA,North America,prebreeding_migration,0.04935513892975127,0.007660193994223125,0.007660193994223125,0.4137277701811716,0.016850115617138717,63,2023-03-08,0.21428861354954384,woothr,Wood Thrush
woothr,country,MEX,Mexico,NA,North America,nonbreeding,0.10953310962508228,0.40176163313129265,0.40176163313129265,0.29870049102691737,0.410167100696228,105,2023-01-25,0.4238836690767312,woothr,Wood Thrush
woothr,country,MEX,Mexico,NA,North America,postbreeding_migration,0.032250016588090895,0.0747462562227691,0.0747462562227691,0.2754510347238392,0.0633811526609557,42,2023-10-25,0.3968967356609036,woothr,Wood Thrush
woothr,country,MEX,Mexico,NA,North America,prebreeding_migration,0.025669576775464185,0.018370356124546267,0.018370356124546267,0.2026551987994962,0.0380572531963137,63,2023-03-22,0.4270895197469751,woothr,Wood Thrush
woothr,country,NIC,Nicaragua,NA,North America,nonbreeding,0.10163057075385984,0.1048930463193603,0.1048930463193603,0.3395383095990437,0.131193693527925,105,2023-12-06,0.12742308045541276,woothr,Wood Thrush
woothr,country,NIC,Nicaragua,NA,North America,postbreeding_migration,0.03911933617444834,0.021637644194775832,0.021637644194775832,0.4107474578006273,0.022555351774393616,49,2023-11-08,0.13875323373126114,woothr,Wood Thrush
woothr,country,NIC,Nicaragua,NA,North America,prebreeding_migration,0.02244006525154292,0.0038324983651288336,0.0038324983651288336,0.1810158789308869,0.008112512131922156,56,2023-03-08,0.10450484933863607,woothr,Wood Thrush
woothr,country,PAN,Panama,NA,North America,nonbreeding,0.0010140249961364252,4.817661994676027e-4,4.817661994676027e-4,0.1568561672037505,0.027899158737385892,105,2023-12-13,0.0010978860347947575,woothr,Wood Thrush
woothr,country,PAN,Panama,NA,North America,postbreeding_migration,6.117632518926102e-4,1.5576404491597436e-4,1.5576404491597436e-4,0.17692811571687397,0.004472361550672434,35,2023-11-08,0.0010947094998476992,woothr,Wood Thrush
woothr,country,PAN,Panama,NA,North America,prebreeding_migration,2.8670386215586365e-4,2.254014670681104e-5,2.254014670681104e-5,0.11920510129219238,0.002459228364339656,49,2023-03-22,6.015356788871985e-4,woothr,Wood Thrush
woothr,country,SLV,El Salvador,NA,North America,nonbreeding,0.005312447599933978,6.633224844894165e-4,6.633224844894165e-4,0.11686659028725456,0.005462887733948107,105,2023-12-13,0.001424223333553646,woothr,Wood Thrush
woothr,country,SLV,El Salvador,NA,North America,postbreeding_migration,0.002212848429180707,9.692954815404706e-5,9.692954815404706e-5,0.05484187302759977,2.3849156399065677e-4,42,2023-11-01,6.012373800255189e-4,woothr,Wood Thrush
woothr,country,SLV,El Salvador,NA,North America,prebreeding_migration,0.0019803075140762336,1.417770904824537e-5,1.417770904824537e-5,0.0694321474603186,1.3044121789414676e-4,56,2023-03-08,4.18005260387041e-4,woothr,Wood Thrush
woothr,country,USA,United States,NA,North America,breeding,0.26135117690495774,0.9545143898617154,0.9545143898617154,0.41612203052623337,0.8861497203042876,63,2023-07-26,0.9672169789401792,woothr,Wood Thrush
woothr,country,USA,United States,NA,North America,nonbreeding,4.733128980152166e-7,2.6939335755059536e-6,2.6939335755059536e-6,1.0395609466705916e-4,2.2150847269908073e-4,0,2023-11-22,1.4804701757722829e-5,woothr,Wood Thrush
woothr,country,USA,United States,NA,North America,postbreeding_migration,0.03953350424212829,0.8023799294378458,0.8023799294378458,0.3968332314903123,0.7996114430716911,91,2023-09-27,0.9984718657247044,woothr,Wood Thrush
woothr,country,USA,United States,NA,North America,prebreeding_migration,0.13444464663732367,0.925160303149956,0.925160303149956,0.4576917493689067,0.8264705493912675,63,2023-05-03,0.9933091640964652,woothr,Wood Thrush
woothr,state,BLZ-1323,Belize,NA,North America,nonbreeding,0.13406846698023492,0.006175728611821075,0.006175728611821075,0.2979971346233124,0.005138962998511553,105,2023-12-20,0.00808507706674915,woothr,Wood Thrush
woothr,state,BLZ-1323,Belize,NA,North America,postbreeding_migration,0.04660517204828843,0.0011505138199486226,0.0011505138199486226,0.2848755981834906,6.981828816497015e-4,42,2023-10-18,0.0073352059271774,woothr,Wood Thrush
woothr,state,BLZ-1323,Belize,NA,North America,prebreeding_migration,0.018963151125022483,1.4454650478104848e-4,1.4454650478104848e-4,0.0909127609531751,1.8184558390973724e-4,63,2023-03-08,0.004154260483548151,woothr,Wood Thrush
woothr,state,BLZ-1324,Cayo,NA,North America,nonbreeding,0.5808829346392697,0.025056030961843983,0.025056030961843983,0.8488854633560488,0.013708015878542732,105,2023-01-25,0.033838524462729135,woothr,Wood Thrush
woothr,state,BLZ-1324,Cayo,NA,North America,postbreeding_migration,0.21999226796991933,0.005085424849949255,0.005085424849949255,0.808107019100319,0.0018545772368377949,49,2023-11-01,0.029018147277300992,woothr,Wood Thrush
woothr,state,BLZ-1324,Cayo,NA,North America,prebreeding_migration,0.1984796428589253,0.0014166910752332908,0.0014166910752332908,0.7188298792702514,0.001346375289174931,63,2023-03-22,0.03809831555395159,woothr,Wood Thrush
woothr,state,BLZ-1325,Corozal,NA,North America,nonbreeding,0.047464185865356646,8.929187610822311e-4,8.929187610822311e-4,0.18647242228379363,0.001313295231489103,105,2023-11-29,0.0014708463883766996,woothr,Wood Thrush
woothr,state,BLZ-1325,Corozal,NA,North America,postbreeding_migration,0.01653307434185906,1.6668468369544027e-4,1.6668468369544027e-4,0.17481899944479198,1.749794024153136e-4,42,2023-10-18,0.00132988091474036,woothr,Wood Thrush
woothr,state,BLZ-1325,Corozal,NA,North America,prebreeding_migration,2.521495235103011e-4,7.849456603848094e-7,7.849456603848094e-7,0.007431086224239191,6.070361636771844e-6,14,2023-03-08,6.635607840175172e-5,woothr,Wood Thrush
woothr,state,BLZ-1326,Orange Walk,NA,North America,nonbreeding,0.3769349843087916,0.014600879490422485,0.014600879490422485,0.5731778716400417,0.008311967331574358,105,2023-01-25,0.018591686041166268,woothr,Wood Thrush
woothr,state,BLZ-1326,Orange Walk,NA,North America,postbreeding_migration,0.13263405291457014,0.002753364917420948,0.002753364917420948,0.5422382066988058,0.0011175193997827188,42,2023-11-15,0.01638413025691757,woothr,Wood Thrush
woothr,state,BLZ-1326,Orange Walk,NA,North America,prebreeding_migration,0.08137102047666658,5.215763137935598e-4,5.215763137935598e-4,0.36205773170133054,6.08985212922133e-4,63,2023-03-08,0.015036597338968864,woothr,Wood Thrush
woothr,state,BLZ-1355,Stann Creek,NA,North America,nonbreeding,0.47040384568970595,0.01073786741909134,0.01073786741909134,0.6306027211522236,0.005388958725299059,105,2023-01-25,0.014182970428305668,woothr,Wood Thrush
woothr,state,BLZ-1355,Stann Creek,NA,North America,postbreeding_migration,0.16300381965036995,0.001994073306109042,0.001994073306109042,0.5796874977946648,7.040337753964863e-4,42,2023-10-25,0.01150650061170647,woothr,Wood Thrush
woothr,state,BLZ-1355,Stann Creek,NA,North America,prebreeding_migration,0.16641692825031845,6.28608434941694e-4,6.28608434941694e-4,0.5371578763025182,5.324336239759213e-4,63,2023-03-22,0.016494544516236474,woothr,Wood Thrush
woothr,state,BLZ-1356,Toledo,NA,North America,nonbreeding,0.5969444339633407,0.023013837865765673,0.023013837865765673,0.8123071391568263,0.011724039019519811,105,2023-01-25,0.02770426234090542,woothr,Wood Thrush
woothr,state,BLZ-1356,Toledo,NA,North America,postbreeding_migration,0.22985407277416195,0.004749014658485907,0.004749014658485907,0.8249562085857609,0.001692148308361071,42,2023-11-01,0.02554706363524028,woothr,Wood Thrush
woothr,state,BLZ-1356,Toledo,NA,North America,prebreeding_migration,0.17004649637048835,0.001084821688121586,0.001084821688121586,0.6929103656565105,0.0011599747942941197,63,2023-03-15,0.029147071104829905,woothr,Wood Thrush
woothr,state,CAN-MB,Manitoba,NA,North America,breeding,3.550604175330359e-4,1.6931117573316037e-4,1.6931117573316037e-4,0.006360758060330792,0.001768563341886503,35,2023-06-07,4.150673257162965e-4,woothr,Wood Thrush
woothr,state,CAN-MB,Manitoba,NA,North America,prebreeding_migration,8.634861418142702e-5,7.345364782542612e-5,7.345364782542612e-5,0.004625324762604576,0.0010324785819280995,14,2023-05-24,2.5766649470474124e-4,woothr,Wood Thrush
woothr,state,CAN-NB,New Brunswick,NA,North America,breeding,0.008297576866495526,4.886055368154345e-4,4.886055368154345e-4,0.2292975858746788,0.00787290403845845,63,2023-07-12,7.019533961884524e-4,woothr,Wood Thrush
woothr,state,CAN-NB,New Brunswick,NA,North America,postbreeding_migration,5.846443730979326e-6,1.988997054667753e-6,1.988997054667753e-6,0.003732720401967739,1.260735692840954e-4,7,2023-08-02,1.382902599046635e-5,woothr,Wood Thrush
woothr,state,CAN-NB,New Brunswick,NA,North America,prebreeding_migration,7.731944909254928e-4,8.122140187770409e-5,8.122140187770409e-5,0.1256719122888636,0.0034641826064781343,14,2023-05-24,4.013650814089423e-4,woothr,Wood Thrush
woothr,state,CAN-ON,Ontario,NA,North America,breeding,0.04401143296094254,0.033546139357575396,0.033546139357575396,0.1551581525635496,0.06895726270558651,63,2023-05-31,0.03985536408031816,woothr,Wood Thrush
woothr,state,CAN-ON,Ontario,NA,North America,postbreeding_migration,0.0016132205177872491,0.0071040505148902335,0.0071040505148902335,0.07338782977935718,0.032084300183349665,70,2023-08-23,0.016300156643167196,woothr,Wood Thrush
woothr,state,CAN-ON,Ontario,NA,North America,prebreeding_migration,0.017141347275883383,0.023307549856556264,0.023307549856556264,0.15723129420518225,0.056101113408554906,28,2023-05-24,0.04449891944265017,woothr,Wood Thrush
woothr,state,CAN-QC,Québec,NA,North America,breeding,0.009626409661771775,0.011281554068160572,0.011281554068160572,0.05158759092479325,0.03525154960978088,63,2023-07-05,0.012905312036163784,woothr,Wood Thrush
woothr,state,CAN-QC,Québec,NA,North America,postbreeding_migration,2.821339994212684e-4,0.0019102723119940712,0.0019102723119940712,0.02679651610829988,0.018012517324876777,63,2023-08-02,0.006862440730886919,woothr,Wood Thrush
woothr,state,CAN-QC,Québec,NA,North America,prebreeding_migration,0.0024688742237226383,0.005161526785167977,0.005161526785167977,0.048444602156337675,0.02657696819655307,21,2023-05-24,0.012796494333920532,woothr,Wood Thrush
woothr,state,CRI-1327,Cartago,NA,North America,nonbreeding,0.008547360015447576,2.1769810543995145e-4,2.1769810543995145e-4,0.164252262948527,0.0015661590245295211,105,2023-12-20,5.878094418785298e-4,woothr,Wood Thrush
woothr,state,CRI-1327,Cartago,NA,North America,postbreeding_migration,0.008348357699393426,1.13951452720587e-4,1.13951452720587e-4,0.3874303793489096,5.250113727720773e-4,42,2023-10-25,9.93936061363812e-4,woothr,Wood Thrush
woothr,state,CRI-1327,Cartago,NA,North America,prebreeding_migration,0.0025307980390188935,1.066634608533678e-5,1.066634608533678e-5,0.1487741563763521,1.645381087067844e-4,56,2023-03-08,2.9448680943863726e-4,woothr,Wood Thrush
woothr,state,CRI-1328,Heredia,NA,North America,nonbreeding,0.07442122789974208,0.0016481298587199284,0.0016481298587199284,0.36198885940943726,0.003001177238321211,105,2023-01-25,0.002453004423507895,woothr,Wood Thrush
woothr,state,CRI-1328,Heredia,NA,North America,postbreeding_migration,0.02916758516940255,3.461714406655642e-4,3.461714406655642e-4,0.582579849303751,6.864397772530711e-4,42,2023-10-25,0.002443333258671633,woothr,Wood Thrush
woothr,state,CRI-1328,Heredia,NA,North America,prebreeding_migration,0.015621161981639986,5.7245777847686454e-5,5.7245777847686454e-5,0.2403233472885386,2.311037073773553e-4,49,2023-03-08,0.0018711212959268,woothr,Wood Thrush
woothr,state,CRI-1329,Limón,NA,North America,nonbreeding,0.0266059388989355,0.0021678413828008568,0.0021678413828008568,0.2686560058432475,0.008194968900580215,105,2023-02-01,0.0029768550417400372,woothr,Wood Thrush
woothr,state,CRI-1329,Limón,NA,North America,postbreeding_migration,0.012740967701864812,5.563492315453718e-4,5.563492315453718e-4,0.450842833326848,0.001954458576340925,42,2023-10-25,0.003880222345121795,woothr,Wood Thrush
woothr,state,CRI-1329,Limón,NA,North America,prebreeding_migration,0.0038444645971303874,5.183466641635743e-5,5.183466641635743e-5,0.14339705575798997,5.073474706331272e-4,56,2023-03-08,0.001965098396131629,woothr,Wood Thrush
woothr,state,CRI-1330,Puntarenas,NA,North America,nonbreeding,0.0059383246176258914,6.501559453964198e-4,6.501559453964198e-4,0.1344925542554544,0.005512564556911349,105,2023-12-20,0.0013022948810269615,woothr,Wood Thrush
woothr,state,CRI-1330,Puntarenas,NA,North America,postbreeding_migration,0.001216599752825341,7.138344318395198e-5,7.138344318395198e-5,0.03425890292969763,1.9956273255390377e-4,49,2023-11-01,5.756947547313122e-4,woothr,Wood Thrush
woothr,state,CRI-1330,Puntarenas,NA,North America,prebreeding_migration,0.0031951163186318982,5.78863020038931e-5,5.78863020038931e-5,0.1335378618488361,6.348547510147514e-4,56,2023-03-29,0.0013776281929013777,woothr,Wood Thrush
woothr,state,CRI-1331,San José,NA,North America,nonbreeding,0.001037180971616176,4.267629842846337e-5,4.267629842846337e-5,0.016134132790265383,2.485304882113059e-4,105,2023-12-20,1.3790377207795456e-4,woothr,Wood Thrush
woothr,state,CRI-1331,San José,NA,North America,postbreeding_migration,4.072208282401986e-4,8.979628103196031e-6,8.979628103196031e-6,0.011876508438140318,2.6000001395748397e-5,42,2023-11-01,1.2097136255311193e-4,woothr,Wood Thrush
woothr,state,CRI-1331,San José,NA,North America,prebreeding_migration,0.0013352455048545172,9.091360024046537e-6,9.091360024046537e-6,0.15906572309131473,2.842007102963248e-4,49,2023-04-12,2.2675083133525775e-4,woothr,Wood Thrush
woothr,state,CRI-1333,Alajuela,NA,North America,nonbreeding,0.05117644435484879,0.004025000550872294,0.004025000550872294,0.28496031109047765,0.008390388197178158,105,2023-12-20,0.006442329518315967,woothr,Wood Thrush
woothr,state,CRI-1333,Alajuela,NA,North America,postbreeding_migration,0.016286355502190084,6.864610663549975e-4,6.864610663549975e-4,0.3185328953249728,0.0013329151721012027,49,2023-11-01,0.0047424054809322574,woothr,Wood Thrush
woothr,state,CRI-1333,Alajuela,NA,North America,prebreeding_migration,0.01823085846073756,2.3726762540445795e-4,2.3726762540445795e-4,0.21870291412121473,7.469073917050227e-4,56,2023-03-22,0.006014081328263611,woothr,Wood Thrush
woothr,state,CRI-1334,Guanacaste,NA,North America,nonbreeding,0.019921476950931733,0.0018425028798868847,0.0018425028798868847,0.1189473268278786,0.004118538891421188,105,2023-03-01,0.0030676416590695917,woothr,Wood Thrush
woothr,state,CRI-1334,Guanacaste,NA,North America,postbreeding_migration,0.006105849653823436,3.0264180121861563e-4,3.0264180121861563e-4,0.10479065476138733,5.156577897127446e-4,49,2023-11-08,0.002264773387019534,woothr,Wood Thrush
woothr,state,CRI-1334,Guanacaste,NA,North America,prebreeding_migration,0.008124937714190771,1.243489754663211e-4,1.243489754663211e-4,0.09360805654696784,3.7593799667162817e-4,56,2023-03-08,0.0033652012110184106,woothr,Wood Thrush
woothr,state,CUB-1321,Pinar del Río,NA,North America,postbreeding_migration,5.306030720032087e-4,3.196875673348582e-5,3.196875673348582e-5,0.0763126754455925,4.564664772593123e-4,14,2023-10-25,6.444167359126461e-4,woothr,Wood Thrush
woothr,state,CUB-1428,Ciudad de la Habana,NA,North America,postbreeding_migration,0.0015155816838036634,5.429689016141511e-6,5.429689016141511e-6,0.12217230359114196,4.345348299678007e-5,21,2023-10-18,7.823023863436809e-5,woothr,Wood Thrush
woothr,state,CUB-1429,Artemisa,NA,North America,postbreeding_migration,9.054566538406423e-5,1.0149455162561605e-6,1.0149455162561605e-6,0.014661790702576165,1.631617303766717e-5,14,2023-10-25,2.009725753613678e-5,woothr,Wood Thrush
woothr,state,CUB-1430,Matanzas,NA,North America,postbreeding_migration,1.812196933532758e-4,1.1347868662242357e-5,1.1347868662242357e-5,0.03689324655187229,2.2935700337673424e-4,14,2023-10-25,2.0544863489020888e-4,woothr,Wood Thrush
woothr,state,CUB-5489,Mayabeque,NA,North America,postbreeding_migration,8.16016167906735e-5,1.4601757526267558e-6,1.4601757526267558e-6,0.02109946602568599,3.748297517953337e-5,14,2023-10-25,3.234200380504836e-5,woothr,Wood Thrush
woothr,state,GTM-1942,Baja Verapaz,NA,North America,nonbreeding,0.0861205995447478,0.0020379270996214783,0.0020379270996214783,0.2855918922351911,0.0025300512397186735,105,2023-01-11,0.0027242645930050415,woothr,Wood Thrush
woothr,state,GTM-1942,Baja Verapaz,NA,North America,postbreeding_migration,0.03076186577816059,3.901130130848091e-4,3.901130130848091e-4,0.3160867748956923,3.9796081523855705e-4,42,2023-11-15,0.0027582200969334556,woothr,Wood Thrush
woothr,state,GTM-1942,Baja Verapaz,NA,North America,prebreeding_migration,0.050926916377957335,1.994180702353427e-4,1.994180702353427e-4,0.4206752685072356,4.322598839077676e-4,63,2023-03-22,0.004934598981042491,woothr,Wood Thrush
woothr,state,GTM-1943,Huehuetenango,NA,North America,nonbreeding,0.09579901469489452,0.005741385559689893,0.005741385559689893,0.25340352009930023,0.005685519544741193,105,2023-01-04,0.007693246224329666,woothr,Wood Thrush
woothr,state,GTM-1943,Huehuetenango,NA,North America,postbreeding_migration,0.028963167392623244,9.30246167105259e-4,9.30246167105259e-4,0.21433850551171835,6.834523722759818e-4,42,2023-11-15,0.006818387650421086,woothr,Wood Thrush
woothr,state,GTM-1943,Huehuetenango,NA,North America,prebreeding_migration,0.052874157586727824,5.243661644284552e-4,5.243661644284552e-4,0.3106380026286295,8.084005632632411e-4,63,2023-03-29,0.012686678692455084,woothr,Wood Thrush
woothr,state,GTM-1944,Petén,NA,North America,nonbreeding,0.3892468982015588,0.11534815336425816,0.11534815336425816,0.5846615412329306,0.06486222699749722,105,2023-02-08,0.13769089665458795,woothr,Wood Thrush
woothr,state,GTM-1944,Petén,NA,North America,postbreeding_migration,0.14568696380109172,0.02313674940892552,0.02313674940892552,0.6520587009419819,0.010280744518307697,42,2023-11-01,0.1290842523440982,woothr,Wood Thrush
woothr,state,GTM-1944,Petén,NA,North America,prebreeding_migration,0.10828371632660706,0.005309873406518991,0.005309873406518991,0.4321411210662688,0.005560673962972507,63,2023-03-15,0.13613281121269466,woothr,Wood Thrush
woothr,state,GTM-1945,Quezaltenango,NA,North America,nonbreeding,0.005441316784156201,8.563546383606911e-5,8.563546383606911e-5,0.08649494300942656,5.096150013764085e-4,105,2023-01-18,1.873294122993065e-4,woothr,Wood Thrush
woothr,state,GTM-1945,Quezaltenango,NA,North America,postbreeding_migration,0.001760665991969012,1.484987453111558e-5,1.484987453111558e-5,0.038649710620266585,3.236296303435891e-5,35,2023-10-25,1.4668826383471237e-4,woothr,Wood Thrush
woothr,state,GTM-1945,Quezaltenango,NA,North America,prebreeding_migration,0.0017603584781271935,4.5844399565881324e-6,4.5844399565881324e-6,0.02331539632505929,1.5933412438947413e-5,42,2023-03-29,2.157972119233424e-4,woothr,Wood Thrush
woothr,state,GTM-1946,Retalhuleu,NA,North America,nonbreeding,0.003465214899990866,6.243917598772796e-5,6.243917598772796e-5,0.04247214181308346,2.865055210026919e-4,105,2023-01-18,1.2425188985442094e-4,woothr,Wood Thrush
woothr,state,GTM-1946,Retalhuleu,NA,North America,postbreeding_migration,0.001292506393291454,1.2481185978254508e-5,1.2481185978254508e-5,0.02787605111777816,2.6724564014126453e-5,35,2023-11-15,1.1291555497949864e-4,woothr,Wood Thrush
woothr,state,GTM-1946,Retalhuleu,NA,North America,prebreeding_migration,7.337406264049691e-4,2.18778723976735e-6,2.18778723976735e-6,0.0201413459574206,1.5759115230466908e-5,42,2023-03-29,1.1739540328938067e-4,woothr,Wood Thrush
woothr,state,GTM-1947,San Marcos,NA,North America,nonbreeding,0.008178136022132214,2.457537495396879e-4,2.457537495396879e-4,0.0323893612992836,3.643762400508183e-4,105,2023-01-04,3.364562060814388e-4,woothr,Wood Thrush
woothr,state,GTM-1947,San Marcos,NA,North America,postbreeding_migration,0.0032377881743137884,5.214232836373194e-5,5.214232836373194e-5,0.03420331911179305,5.4684779098539894e-5,35,2023-10-25,3.417449203649069e-4,woothr,Wood Thrush
woothr,state,GTM-1947,San Marcos,NA,North America,prebreeding_migration,0.003106906189012839,1.5449324392980397e-5,1.5449324392980397e-5,0.02493649056804212,3.2538498485459534e-5,42,2023-03-29,4.8443181317576664e-4,woothr,Wood Thrush
woothr,state,GTM-1948,Alta Verapaz,NA,North America,nonbreeding,0.5167262232336326,0.04209515942007541,0.04209515942007541,0.8647690978990112,0.026373857872907275,105,2023-02-01,0.05417202645751957,woothr,Wood Thrush
woothr,state,GTM-1948,Alta Verapaz,NA,North America,postbreeding_migration,0.16061232065400674,0.007012077031338795,0.007012077031338795,0.8447673982712013,0.003661518124723914,42,2023-11-15,0.0414167156063046,woothr,Wood Thrush
woothr,state,GTM-1948,Alta Verapaz,NA,North America,prebreeding_migration,0.23109045607399464,0.0031152233915846417,0.0031152233915846417,0.8789307612656081,0.0031091571450518225,63,2023-03-22,0.06993649502860069,woothr,Wood Thrush
woothr,state,GTM-1949,Chimaltenango,NA,North America,nonbreeding,7.468919228786579e-4,1.0635621683861131e-5,1.0635621683861131e-5,0.003279577977463531,1.7483360890753962e-5,105,2023-03-01,2.8120420314941267e-5,woothr,Wood Thrush
woothr,state,GTM-1949,Chimaltenango,NA,North America,postbreeding_migration,2.7419198786712303e-4,2.0924545945842665e-6,2.0924545945842665e-6,0.003279577977463531,2.484708616711671e-6,35,2023-11-15,3.19543525077281e-5,woothr,Wood Thrush
woothr,state,GTM-1949,Chimaltenango,NA,North America,prebreeding_migration,4.84220997790847e-4,1.1409963763782054e-6,1.1409963763782054e-6,0.003279577977463531,2.0278668295901744e-6,56,2023-03-29,4.477883095254039e-5,woothr,Wood Thrush
woothr,state,GTM-1950,Escuintla,NA,North America,nonbreeding,0.002054348171717572,8.592377623405542e-5,8.592377623405542e-5,0.01731290220852622,2.7108845626873916e-4,105,2023-11-22,1.958585477826233e-4,woothr,Wood Thrush
woothr,state,GTM-1950,Escuintla,NA,North America,postbreeding_migration,0.0010453512240110876,2.343137109811327e-5,2.343137109811327e-5,0.015528013283661116,3.455473654671479e-5,42,2023-11-15,2.208001263702399e-4,woothr,Wood Thrush
woothr,state,GTM-1950,Escuintla,NA,North America,prebreeding_migration,0.001158549201142073,8.018429526826706e-6,8.018429526826706e-6,0.015528013283661116,2.8201457336694035e-5,49,2023-03-22,2.7921594818027423e-4,woothr,Wood Thrush
woothr,state,GTM-1951,Guatemala,NA,North America,nonbreeding,9.673828506066522e-4,1.7549359320142983e-5,1.7549359320142983e-5,0.012432386711959452,8.443436382775007e-5,105,2023-02-08,6.640439891860302e-5,woothr,Wood Thrush
woothr,state,GTM-1951,Guatemala,NA,North America,postbreeding_migration,3.3863726658632905e-4,3.29225750729916e-6,3.29225750729916e-6,0.004278482105688828,4.129571488171307e-6,35,2023-11-15,4.1108855047343333e-5,woothr,Wood Thrush
woothr,state,GTM-1951,Guatemala,NA,North America,prebreeding_migration,3.920600098204178e-4,1.1769308788362738e-6,1.1769308788362738e-6,0.004278482105688828,3.3703030548373073e-6,49,2023-03-29,7.873996426342065e-5,woothr,Wood Thrush
woothr,state,GTM-1952,Suchitepéquez,NA,North America,nonbreeding,0.013145756224886928,2.532546053402111e-4,2.532546053402111e-4,0.1139957787594577,8.221714464729126e-4,105,2023-11-22,4.1886373074896433e-4,woothr,Wood Thrush
woothr,state,GTM-1952,Suchitepéquez,NA,North America,postbreeding_migration,0.006511552381016877,6.722835431961331e-5,6.722835431961331e-5,0.10635361267793954,1.090125279103557e-4,42,2023-11-15,5.209603544345037e-4,woothr,Wood Thrush
woothr,state,GTM-1952,Suchitepéquez,NA,North America,prebreeding_migration,0.006087394336011274,1.9406121313918875e-5,1.9406121313918875e-5,0.0790362676260583,6.611721506602656e-5,56,2023-03-29,6.211122008544376e-4,woothr,Wood Thrush
woothr,state,GTM-1954,Sololá,NA,North America,postbreeding_migration,4.866187805781304e-5,2.420715233083752e-7,2.420715233083752e-7,0.007967825978330952,3.935055838442348e-6,7,2023-10-18,6.7922261296494525e-6,woothr,Wood Thrush
woothr,state,GTM-1956,El Progreso,NA,North America,nonbreeding,0.01392109821843317,2.1956394408116653e-4,2.1956394408116653e-4,0.08296846892493723,4.898943658151762e-4,105,2023-11-22,3.9264257335218665e-4,woothr,Wood Thrush
woothr,state,GTM-1956,El Progreso,NA,North America,postbreeding_migration,0.006362343777567202,5.377752641993856e-5,5.377752641993856e-5,0.09003987549386716,7.555701610361366e-5,42,2023-11-08,4.707477004712597e-4,woothr,Wood Thrush
woothr,state,GTM-1956,El Progreso,NA,North America,prebreeding_migration,0.020561872714482145,5.3664331200413496e-5,5.3664331200413496e-5,0.25481429344076295,1.7451295138920642e-4,63,2023-03-29,0.0016148176493653275,woothr,Wood Thrush
woothr,state,GTM-1957,Santa Rosa,NA,North America,nonbreeding,0.0027983377632017194,7.379947970508925e-5,7.379947970508925e-5,0.033452234653377,3.3027837887258823e-4,105,2023-03-01,1.3140102916517425e-4,woothr,Wood Thrush
woothr,state,GTM-1957,Santa Rosa,NA,North America,postbreeding_migration,8.737847128683634e-4,1.234962509724142e-5,1.234962509724142e-5,0.011079111783071966,1.554570770404043e-5,35,2023-11-15,1.0890308440345876e-4,woothr,Wood Thrush
woothr,state,GTM-1957,Santa Rosa,NA,North America,prebreeding_migration,0.0010675185830914165,4.658693508904608e-6,4.658693508904608e-6,0.011079111783071966,1.2687453483881156e-5,56,2023-03-29,1.850744821757481e-4,woothr,Wood Thrush
woothr,state,GTM-1959,Izabal,NA,North America,nonbreeding,0.36348590078359977,0.025894424119776608,0.025894424119776608,0.690777008340057,0.01842291737756473,105,2023-01-25,0.031842764304294446,woothr,Wood Thrush
woothr,state,GTM-1959,Izabal,NA,North America,postbreeding_migration,0.123084677602595,0.004699144980695169,0.004699144980695169,0.6551915568548555,0.0024833581965986156,42,2023-11-01,0.0268976193873965,woothr,Wood Thrush
woothr,state,GTM-1959,Izabal,NA,North America,prebreeding_migration,0.12414559525580256,0.001463475752944461,0.001463475752944461,0.5859089734331177,0.001812446470113056,63,2023-03-15,0.03477310941969844,woothr,Wood Thrush
woothr,state,GTM-1960,Chiquimula,NA,North America,nonbreeding,0.02686820648309331,5.241937131614473e-4,5.241937131614473e-4,0.20625148957783385,0.001506440793319029,105,2023-12-27,0.001118528916521153,woothr,Wood Thrush
woothr,state,GTM-1960,Chiquimula,NA,North America,postbreeding_migration,0.0047089211785225,4.923463429392125e-5,4.923463429392125e-5,0.07537035758431714,7.823590185956657e-5,42,2023-11-15,7.496084797194913e-4,woothr,Wood Thrush
woothr,state,GTM-1960,Chiquimula,NA,North America,prebreeding_migration,0.00793643704338521,2.562207129240088e-5,2.562207129240088e-5,0.12381006387309174,1.0488790969509348e-4,56,2023-03-08,9.376998714541194e-4,woothr,Wood Thrush
woothr,state,GTM-1962,Jutiapa,NA,North America,nonbreeding,3.88351726794144e-4,1.0715603694164598e-5,1.0715603694164598e-5,0.01810588589403551,1.8703075403028117e-4,56,2023-12-20,5.587613943467987e-5,woothr,Wood Thrush
woothr,state,GTM-1963,Zacapa,NA,North America,nonbreeding,0.11853447893379078,0.0025112127203016513,0.0025112127203016513,0.392444112771096,0.0031125652827037015,105,2023-01-11,0.003684681660608884,woothr,Wood Thrush
woothr,state,GTM-1963,Zacapa,NA,North America,postbreeding_migration,0.03817234937262708,4.333949658013199e-4,4.333949658013199e-4,0.3316224585658315,3.7379641263525216e-4,42,2023-11-15,0.003386812871570769,woothr,Wood Thrush
woothr,state,GTM-1963,Zacapa,NA,North America,prebreeding_migration,0.04439619984104126,1.556396101243691e-4,1.556396101243691e-4,0.38054215267853897,3.5007244699678295e-4,63,2023-03-22,0.003775846916540464,woothr,Wood Thrush
woothr,state,GTM-3467,Quiché,NA,North America,nonbreeding,0.2212049160736947,0.01282226856824936,0.01282226856824936,0.40763320025912647,0.008845889013055351,105,2023-01-25,0.016091964068442995,woothr,Wood Thrush
woothr,state,GTM-3467,Quiché,NA,North America,postbreeding_migration,0.06967979510632519,0.002164577422379113,0.002164577422379113,0.40763087147852417,0.0012571570891558028,42,2023-11-15,0.014456148071475943,woothr,Wood Thrush
woothr,state,GTM-3467,Quiché,NA,North America,prebreeding_migration,0.11122935719460517,0.0010669032816604306,0.0010669032816604306,0.5703317242063568,0.0014355356299758538,63,2023-03-29,0.024465119031359072,woothr,Wood Thrush
woothr,state,HND-637,Atlántida,NA,North America,nonbreeding,0.3400667268001024,0.013790432830791424,0.013790432830791424,0.6802393024458522,0.010327074730022708,105,2023-02-15,0.01736628923613837,woothr,Wood Thrush
woothr,state,HND-637,Atlántida,NA,North America,postbreeding_migration,0.12529860652065605,0.0027230534232761724,0.0027230534232761724,0.7091193351885505,0.0015299790002866603,42,2023-10-25,0.016081840664472657,woothr,Wood Thrush
woothr,state,HND-637,Atlántida,NA,North America,prebreeding_migration,0.12729375917464025,8.541937649109941e-4,8.541937649109941e-4,0.6190592176706242,0.001090089866856949,63,2023-03-15,0.019252858573992258,woothr,Wood Thrush
woothr,state,HND-638,Colón,NA,North America,nonbreeding,0.37970530497682053,0.02765640799369405,0.02765640799369405,0.8175062958576609,0.02229164188559451,105,2023-02-22,0.033492425821899284,woothr,Wood Thrush
woothr,state,HND-638,Colón,NA,North America,postbreeding_migration,0.11604486700743058,0.004529718445763705,0.004529718445763705,0.769193306708247,0.002980828512662395,42,2023-10-25,0.027042349381648113,woothr,Wood Thrush
woothr,state,HND-638,Colón,NA,North America,prebreeding_migration,0.09236023208312916,0.001113190914370981,0.001113190914370981,0.6925922773597029,0.0021904992322304287,49,2023-03-08,0.03253433236775084,woothr,Wood Thrush
woothr,state,HND-639,Francisco Morazán,NA,North America,nonbreeding,0.04447765688782201,0.003138930147649419,0.003138930147649419,0.24604380875890677,0.006500608856837631,105,2023-02-15,0.004825827020389008,woothr,Wood Thrush
woothr,state,HND-639,Francisco Morazán,NA,North America,postbreeding_migration,0.020360039986006183,7.70042228543895e-4,7.70042228543895e-4,0.2365752764947309,8.88303746953247e-4,49,2023-10-25,0.005322621466542891,woothr,Wood Thrush
woothr,state,HND-639,Francisco Morazán,NA,North America,prebreeding_migration,0.012503812513114457,1.460218118839627e-4,1.460218118839627e-4,0.12382375021819404,3.7945480465160185e-4,56,2023-03-08,0.0048489956383611825,woothr,Wood Thrush
woothr,state,HND-640,Gracias a Dios,NA,North America,nonbreeding,0.0969928275989235,0.01387277697578099,0.01387277697578099,0.36877781492593703,0.01974651292334065,105,2023-01-11,0.02406257279945078,woothr,Wood Thrush
woothr,state,HND-640,Gracias a Dios,NA,North America,postbreeding_migration,0.03956369897224068,0.0030326119190402876,0.0030326119190402876,0.4547065125387683,0.003460248947670369,42,2023-10-25,0.02763201424109232,woothr,Wood Thrush
woothr,state,HND-640,Gracias a Dios,NA,North America,prebreeding_migration,0.014329836546087911,3.3915681616740137e-4,3.3915681616740137e-4,0.14109051649770574,8.762700322886639e-4,35,2023-03-29,0.013128426129464882,woothr,Wood Thrush
woothr,state,HND-641,Islas de la Bahía,NA,North America,nonbreeding,0.020951992092288544,1.6580881360625331e-4,1.6580881360625331e-4,0.056074766355140186,1.6613135452431054e-4,105,2023-01-25,1.9880446981102197e-4,woothr,Wood Thrush
woothr,state,HND-641,Islas de la Bahía,NA,North America,postbreeding_migration,0.01901477823364679,8.06435652508187e-5,8.06435652508187e-5,0.2336448598130841,9.837639596105868e-5,42,2023-10-25,5.67524294425388e-4,woothr,Wood Thrush
woothr,state,HND-641,Islas de la Bahía,NA,North America,prebreeding_migration,0.008382746270883864,1.0977517558560476e-5,1.0977517558560476e-5,0.07476635514018691,2.569241046194954e-5,42,2023-03-29,3.099828211086624e-4,woothr,Wood Thrush
woothr,state,HND-642,Olancho,NA,North America,nonbreeding,0.3355225656991814,0.06588117295054513,0.06588117295054513,0.8360092647449843,0.06145433478293709,105,2023-02-15,0.08033748411893722,woothr,Wood Thrush
woothr,state,HND-642,Olancho,NA,North America,postbreeding_migration,0.11247740429924356,0.011835893225779735,0.011835893225779735,0.7922546112439526,0.00827669117781958,49,2023-11-15,0.07698925370904919,woothr,Wood Thrush
woothr,state,HND-642,Olancho,NA,North America,prebreeding_migration,0.0717976844686177,0.0023328432358209975,0.0023328432358209975,0.62180897831362,0.005301672898359427,56,2023-03-08,0.07601156529160186,woothr,Wood Thrush
woothr,state,HND-643,Yoro,NA,North America,nonbreeding,0.2685502301816577,0.017145041845604694,0.017145041845604694,0.7708725260705817,0.01842457297900589,105,2023-02-15,0.022794664909694964,woothr,Wood Thrush
woothr,state,HND-643,Yoro,NA,North America,postbreeding_migration,0.09309263759708888,0.00318511062264031,0.00318511062264031,0.6510255873190915,0.002211380446790785,49,2023-11-01,0.01933638546989526,woothr,Wood Thrush
woothr,state,HND-643,Yoro,NA,North America,prebreeding_migration,0.06308718681059247,6.664839742481573e-4,6.664839742481573e-4,0.4911131994003642,0.0013614791006580057,63,2023-03-08,0.021423740458812495,woothr,Wood Thrush
woothr,state,HND-645,Valle,NA,North America,nonbreeding,0.0017917121484950288,2.882779211073382e-5,2.882779211073382e-5,0.029361357448743495,1.7685653677094448e-4,84,2023-12-13,1.2413609405493708e-4,woothr,Wood Thrush
woothr,state,HND-645,Valle,NA,North America,postbreeding_migration,4.305032272620124e-4,3.7120662562038025e-6,3.7120662562038025e-6,0.014151421097341094,1.2114223562567004e-5,42,2023-11-15,4.405580314128229e-5,woothr,Wood Thrush
woothr,state,HND-646,Comayagua,NA,North America,nonbreeding,0.11857981445443092,0.00497231787388262,0.00497231787388262,0.547122057178962,0.008588833523799173,105,2023-12-27,0.007901637257360697,woothr,Wood Thrush
woothr,state,HND-646,Comayagua,NA,North America,postbreeding_migration,0.041625725786939675,9.35418816821265e-4,9.35418816821265e-4,0.4073698578872311,9.08844109026619e-4,49,2023-10-25,0.005900139508079538,woothr,Wood Thrush
woothr,state,HND-646,Comayagua,NA,North America,prebreeding_migration,0.022697115503430253,1.5749048302729377e-4,1.5749048302729377e-4,0.2550836539987224,4.6445869738240926e-4,56,2023-03-08,0.005825980759485749,woothr,Wood Thrush
woothr,state,HND-647,Cortés,NA,North America,nonbreeding,0.2239783398331681,0.007704499326019603,0.007704499326019603,0.536924996051133,0.006914389903933039,105,2023-02-15,0.010108283388090144,woothr,Wood Thrush
woothr,state,HND-647,Cortés,NA,North America,postbreeding_migration,0.07467129991277437,0.0013765382279119012,0.0013765382279119012,0.5029196374998854,9.204270655851748e-4,49,2023-10-25,0.008736085389481054,woothr,Wood Thrush
woothr,state,HND-647,Cortés,NA,North America,prebreeding_migration,0.0718746698284136,4.091191344698451e-4,4.091191344698451e-4,0.44764506148300814,6.686341435567533e-4,63,2023-03-08,0.010772902649029033,woothr,Wood Thrush
woothr,state,HND-648,Intibucá,NA,North America,nonbreeding,0.12623605988502706,0.0032558085403294576,0.0032558085403294576,0.7236996967745415,0.006987722680120444,105,2023-12-27,0.005058218659663598,woothr,Wood Thrush
woothr,state,HND-648,Intibucá,NA,North America,postbreeding_migration,0.048338010229964895,6.681290593817529e-4,6.681290593817529e-4,0.5668306491012596,7.778236411411136e-4,49,2023-10-25,0.00441893957949478,woothr,Wood Thrush
woothr,state,HND-648,Intibucá,NA,North America,prebreeding_migration,0.03979199939232033,1.6982699205678176e-4,1.6982699205678176e-4,0.40995528727915304,4.591221772768229e-4,56,2023-03-08,0.00560387696207947,woothr,Wood Thrush
woothr,state,HND-649,La Paz,NA,North America,nonbreeding,0.07493379410898926,0.0016023962075473871,0.0016023962075473871,0.5234565005273559,0.004190584730112813,105,2023-12-13,0.002514117261419121,woothr,Wood Thrush
woothr,state,HND-649,La Paz,NA,North America,postbreeding_migration,0.024737037198476274,2.83488882863065e-4,2.83488882863065e-4,0.4655248901673776,5.296481732517806e-4,49,2023-11-01,0.001760828706304116,woothr,Wood Thrush
woothr,state,HND-649,La Paz,NA,North America,prebreeding_migration,0.016402992447954786,5.804312675407549e-5,5.804312675407549e-5,0.32606650699652573,3.027713162337162e-4,56,2023-03-08,0.002717239175373979,woothr,Wood Thrush
woothr,state,HND-650,Santa Bárbara,NA,North America,nonbreeding,0.28626803983194044,0.01196141347474929,0.01196141347474929,0.8389083736882017,0.01312278492900855,105,2023-12-27,0.017235843904901144,woothr,Wood Thrush
woothr,state,HND-650,Santa Bárbara,NA,North America,postbreeding_migration,0.08710074960687067,0.0019504179991324728,0.0019504179991324728,0.6977572233741184,0.0015511948943920206,42,2023-11-01,0.011965263694324477,woothr,Wood Thrush
woothr,state,HND-650,Santa Bárbara,NA,North America,prebreeding_migration,0.0769411070312266,5.319901587918429e-4,5.319901587918429e-4,0.6510099812565062,0.0011811733454267417,63,2023-03-08,0.017915923820252543,woothr,Wood Thrush
woothr,state,HND-651,Copán,NA,North America,nonbreeding,0.1300374895968389,0.0035084618073368194,0.0035084618073368194,0.7014854885597517,0.007085470770254389,105,2023-12-27,0.006619119623823065,woothr,Wood Thrush
woothr,state,HND-651,Copán,NA,North America,postbreeding_migration,0.02058441307104919,2.9763419769250735e-4,2.9763419769250735e-4,0.29741745050882157,4.269401611439189e-4,42,2023-11-15,0.0023528078277639205,woothr,Wood Thrush
woothr,state,HND-651,Copán,NA,North America,prebreeding_migration,0.021244746852872025,9.484954806816367e-5,9.484954806816367e-5,0.4003202853256667,4.689992260666608e-4,63,2023-03-08,0.005363152004717751,woothr,Wood Thrush
woothr,state,HND-652,Lempira,NA,North America,nonbreeding,0.1040408157127554,0.00367227565035986,0.00367227565035986,0.7345641319797072,0.009706509542073354,105,2023-12-27,0.006388533892478432,woothr,Wood Thrush
woothr,state,HND-652,Lempira,NA,North America,postbreeding_migration,0.0329482405455791,6.232465987513469e-4,6.232465987513469e-4,0.4784862765944156,8.985730674357708e-4,42,2023-10-18,0.0038834096655214223,woothr,Wood Thrush
woothr,state,HND-652,Lempira,NA,North America,prebreeding_migration,0.021007320072505577,1.2269806278177546e-4,1.2269806278177546e-4,0.3625801195748808,5.557146734758275e-4,63,2023-03-08,0.004974126072782473,woothr,Wood Thrush
woothr,state,HND-653,Ocotepeque,NA,North America,nonbreeding,0.10270492563118502,0.0014178593845980477,0.0014178593845980477,0.7088892122566797,0.0036637185213000546,105,2023-12-27,0.002730034517021534,woothr,Wood Thrush
woothr,state,HND-653,Ocotepeque,NA,North America,postbreeding_migration,0.017705812829536535,1.3099475990372293e-4,1.3099475990372293e-4,0.3579743104666666,2.6293363019982844e-4,42,2023-11-15,0.0012845000216845132,woothr,Wood Thrush
woothr,state,HND-653,Ocotepeque,NA,North America,prebreeding_migration,0.01894117648675369,4.326974833545439e-5,4.326974833545439e-5,0.41448699682184736,2.484672493581825e-4,63,2023-03-08,0.0018852048984116757,woothr,Wood Thrush
woothr,state,HND-661,Choluteca,NA,North America,nonbreeding,0.012962439965652816,5.028208987433317e-4,5.028208987433317e-4,0.12204484604783918,0.0017723433041190854,105,2023-12-13,0.0010446437515018697,woothr,Wood Thrush
woothr,state,HND-661,Choluteca,NA,North America,postbreeding_migration,0.005185287103432211,1.0779423491672784e-4,1.0779423491672784e-4,0.09681422971503784,1.9981042478858983e-4,49,2023-11-01,7.531313691559946e-4,woothr,Wood Thrush
woothr,state,HND-661,Choluteca,NA,North America,prebreeding_migration,0.003803859754770352,2.441667864694756e-5,2.441667864694756e-5,0.07103203071395517,1.196457137291865e-4,56,2023-03-08,8.187185859147079e-4,woothr,Wood Thrush
woothr,state,HND-662,El Paraíso,NA,North America,nonbreeding,0.2043921315580456,0.0128090219423376,0.0128090219423376,0.5377196007931668,0.01261564638585446,105,2023-02-15,0.017796863968634117,woothr,Wood Thrush
woothr,state,HND-662,El Paraíso,NA,North America,postbreeding_migration,0.06964543679874784,0.002339056045535046,0.002339056045535046,0.5231727938118669,0.0017444130825412932,49,2023-11-15,0.01833629109277517,woothr,Wood Thrush
woothr,state,HND-662,El Paraíso,NA,North America,prebreeding_migration,0.05647159798978455,5.856220263298905e-4,5.856220263298905e-4,0.4247943076345918,0.001155970729125389,56,2023-03-08,0.019882001975815772,woothr,Wood Thrush
woothr,state,MEX-CM,Campeche,NA,North America,nonbreeding,0.27944602669028984,0.13504955163667604,0.13504955163667604,0.4654853712952914,0.08421764398801591,105,2023-12-06,0.15140348541031193,woothr,Wood Thrush
woothr,state,MEX-CM,Campeche,NA,North America,postbreeding_migration,0.0963871727982426,0.0249637953836016,0.0249637953836016,0.5635303691128202,0.014489884374084388,42,2023-11-15,0.14560125738673088,woothr,Wood Thrush
woothr,state,MEX-CM,Campeche,NA,North America,prebreeding_migration,0.04667252134469869,0.003732432820399772,0.003732432820399772,0.2804403183549866,0.005885075125702138,63,2023-03-08,0.11157903823632274,woothr,Wood Thrush
woothr,state,MEX-CS,Chiapas,NA,North America,nonbreeding,0.1953288152518995,0.11934173668913405,0.11934173668913405,0.4430280029255616,0.1013349035753152,105,2023-03-01,0.14683325864576746,woothr,Wood Thrush
woothr,state,MEX-CS,Chiapas,NA,North America,postbreeding_migration,0.07230220013028618,0.02367411294328223,0.02367411294328223,0.42519536550898546,0.013821874537929235,42,2023-11-01,0.13778018492951036,woothr,Wood Thrush
woothr,state,MEX-CS,Chiapas,NA,North America,prebreeding_migration,0.09232951098562955,0.009334737331767736,0.009334737331767736,0.4020934544968399,0.01066766559351138,70,2023-03-29,0.21829654641187288,woothr,Wood Thrush
woothr,state,MEX-OA,Oaxaca,NA,North America,nonbreeding,0.0257120990961825,0.01992041487975532,0.01992041487975532,0.14755510750725195,0.04279735565182784,105,2023-01-25,0.028646028612945983,woothr,Wood Thrush
woothr,state,MEX-OA,Oaxaca,NA,North America,postbreeding_migration,0.010171685010449795,0.004223280366154129,0.004223280366154129,0.10886721153298812,0.004487560657902146,42,2023-10-25,0.029147266567519883,woothr,Wood Thrush
woothr,state,MEX-OA,Oaxaca,NA,North America,prebreeding_migration,0.008560970744646278,0.0010975375504736562,0.0010975375504736562,0.09823475141076472,0.0033047784382460844,49,2023-03-22,0.04207000634348117,woothr,Wood Thrush
woothr,state,MEX-PU,Puebla,NA,North America,nonbreeding,0.003988295802683585,0.0011337155582853973,0.0011337155582853973,0.039037098004555654,0.004154283332189774,105,2023-11-29,0.001980053444712747,woothr,Wood Thrush
woothr,state,MEX-PU,Puebla,NA,North America,postbreeding_migration,0.0024685726019296863,3.7606144838931094e-4,3.7606144838931094e-4,0.0627433150264701,9.48935278528199e-4,42,2023-10-25,0.003580633434645796,woothr,Wood Thrush
woothr,state,MEX-PU,Puebla,NA,North America,prebreeding_migration,0.001498649145060491,7.049401464341612e-5,7.049401464341612e-5,0.04033037818116357,4.978120348012316e-4,49,2023-03-22,0.0032833314429807255,woothr,Wood Thrush
woothr,state,MEX-QR,Quintana Roo,NA,North America,nonbreeding,0.22191155564442883,0.08638806441772706,0.08638806441772706,0.7302912983816168,0.10643189492732497,105,2023-01-18,0.09749246696809104,woothr,Wood Thrush
woothr,state,MEX-QR,Quintana Roo,NA,North America,postbreeding_migration,0.062411286017146184,0.013020663691596776,0.013020663691596776,0.7702484763009432,0.015953539799891833,42,2023-11-15,0.07521862327348801,woothr,Wood Thrush
woothr,state,MEX-QR,Quintana Roo,NA,North America,prebreeding_migration,0.025983289469459353,0.001673799701767735,0.001673799701767735,0.5602411700366539,0.009470331861366008,56,2023-03-08,0.07212746829090935,woothr,Wood Thrush
woothr,state,MEX-TB,Tabasco,NA,North America,nonbreeding,0.028387316834763487,0.0057460096550613245,0.0057460096550613245,0.06801979919008261,0.005154412776446002,105,2023-03-01,0.009295793230211765,woothr,Wood Thrush
woothr,state,MEX-TB,Tabasco,NA,North America,postbreeding_migration,0.012463779652203992,0.001352034997654628,0.001352034997654628,0.0998910752674074,0.0010757740926877442,42,2023-10-25,0.010287118450535385,woothr,Wood Thrush
woothr,state,MEX-TB,Tabasco,NA,North America,prebreeding_migration,0.0154896961253195,5.188244487018479e-4,5.188244487018479e-4,0.07739309007052621,6.802374616725763e-4,63,2023-03-29,0.015102804166406684,woothr,Wood Thrush
woothr,state,MEX-TM,Tamaulipas,NA,North America,postbreeding_migration,3.43171544857081e-7,1.207975028258474e-7,1.207975028258474e-7,2.2520497812334117e-4,7.870111676884695e-6,0,2023-11-08,3.218696681133027e-6,woothr,Wood Thrush
woothr,state,MEX-TM,Tamaulipas,NA,North America,prebreeding_migration,1.309904029672184e-6,1.4237230921321654e-7,1.4237230921321654e-7,2.0082661484130513e-4,5.72780391355377e-6,0,2023-04-19,3.3940229439474605e-6,woothr,Wood Thrush
woothr,state,MEX-VE,Veracruz,NA,North America,nonbreeding,0.037098847558591545,0.022279474772455773,0.022279474772455773,0.16780006367312403,0.03772580310231761,105,2023-02-01,0.031352196579489414,woothr,Wood Thrush
woothr,state,MEX-VE,Veracruz,NA,North America,postbreeding_migration,0.015822455514923367,0.005092306992648404,0.005092306992648404,0.1976822159655175,0.006316325710540246,70,2023-10-25,0.036229941001817735,woothr,Wood Thrush
woothr,state,MEX-VE,Veracruz,NA,North America,prebreeding_migration,0.017477879402122462,0.0017368759306137923,0.0017368759306137923,0.20432733305489137,0.005328283792958126,63,2023-03-29,0.0474322411712751,woothr,Wood Thrush
woothr,state,MEX-YU,Yucatán,NA,North America,nonbreeding,0.03691502331073373,0.011902665522197715,0.011902665522197715,0.23486723978208085,0.02835080334279065,105,2023-12-06,0.014783950407139684,woothr,Wood Thrush
woothr,state,MEX-YU,Yucatán,NA,North America,postbreeding_migration,0.011828183735496042,0.0020438796019391953,0.0020438796019391953,0.36603604664799494,0.006279388097715025,42,2023-10-18,0.017641720085891037,woothr,Wood Thrush
woothr,state,MEX-YU,Yucatán,NA,North America,prebreeding_migration,0.0038517711563657506,2.0551195386909625e-4,2.0551195386909625e-4,0.1583707849520298,0.0022173410841425977,35,2023-03-08,0.010410323957690724,woothr,Wood Thrush
woothr,state,NIC-24,Rivas,NA,North America,nonbreeding,0.006823438787601971,1.753677606822648e-4,1.753677606822648e-4,0.057939420570072994,5.574712145403484e-4,105,2023-12-20,3.1292182397446827e-4,woothr,Wood Thrush
woothr,state,NIC-24,Rivas,NA,North America,postbreeding_migration,0.002083530862532801,2.8697400518034103e-5,2.8697400518034103e-5,0.0377976208817408,5.168485567170179e-5,49,2023-11-15,2.0831069312063293e-4,woothr,Wood Thrush
woothr,state,NIC-24,Rivas,NA,North America,prebreeding_migration,8.827054710569009e-4,3.75403056111349e-6,3.75403056111349e-6,0.01716258351441113,1.915338207324581e-5,49,2023-03-08,1.3912636852958442e-4,woothr,Wood Thrush
woothr,state,NIC-4800,Rio San Juan,NA,North America,nonbreeding,0.02736030439028969,0.0017453448234428443,0.0017453448234428443,0.17728164316803516,0.004233757012003899,105,2023-12-20,0.0032178339990930503,woothr,Wood Thrush
woothr,state,NIC-4800,Rio San Juan,NA,North America,postbreeding_migration,0.010315798820726366,3.526625521726083e-4,3.526625521726083e-4,0.2190226644176441,7.433644058052641e-4,49,2023-10-25,0.002493670586569467,woothr,Wood Thrush
woothr,state,NIC-4800,Rio San Juan,NA,North America,prebreeding_migration,0.0041553781052254615,4.386381423731971e-5,4.386381423731971e-5,0.07511490489284575,2.0806680160943532e-4,49,2023-03-08,0.0010884958268376037,woothr,Wood Thrush
woothr,state,NIC-644,Atlántico Sur,NA,North America,nonbreeding,0.008743549728622318,0.0019598885439699835,0.0019598885439699835,0.069469903097209,0.005829645229415316,105,2023-12-20,0.0038030634970709297,woothr,Wood Thrush
woothr,state,NIC-644,Atlántico Sur,NA,North America,postbreeding_migration,0.010447278104439723,0.0012549976433550991,0.0012549976433550991,0.2718376896820463,0.003241945033323037,42,2023-10-25,0.011740624285821562,woothr,Wood Thrush
woothr,state,NIC-644,Atlántico Sur,NA,North America,prebreeding_migration,9.8989001199144e-4,3.67169046035155e-5,3.67169046035155e-5,0.016444885392320537,1.60062941277158e-4,49,2023-03-08,0.0013864009009818946,woothr,Wood Thrush
woothr,state,NIC-654,Carazo,NA,North America,nonbreeding,0.00564528602289337,6.225652933561265e-5,6.225652933561265e-5,0.1236150413840315,5.103546979776194e-4,105,2023-01-25,2.6545100079290853e-4,woothr,Wood Thrush
woothr,state,NIC-654,Carazo,NA,North America,postbreeding_migration,0.0011997634811779989,7.0907268970619895e-6,7.0907268970619895e-6,0.06032371788319801,3.539479833924059e-5,49,2023-11-08,7.539650516522525e-5,woothr,Wood Thrush
woothr,state,NIC-654,Carazo,NA,North America,prebreeding_migration,1.7653079680719276e-5,3.2214764867361584e-8,3.2214764867361584e-8,2.1599411014089896e-4,1.0343254626160609e-7,49,2023-03-22,2.280541535220867e-5,woothr,Wood Thrush
woothr,state,NIC-655,Granada,NA,North America,nonbreeding,0.018477978205044553,2.0346763206935392e-4,2.0346763206935392e-4,0.08790397637215538,3.623691725696568e-4,105,2023-11-22,2.4265230948489563e-4,woothr,Wood Thrush
woothr,state,NIC-655,Granada,NA,North America,postbreeding_migration,0.0072790318605451135,4.2954697534495824e-5,4.2954697534495824e-5,0.08713079271498787,5.104637802235926e-5,49,2023-11-15,3.0940045752281e-4,woothr,Wood Thrush
woothr,state,NIC-655,Granada,NA,North America,prebreeding_migration,0.002921161455331501,5.322699776896455e-6,5.322699776896455e-6,0.05373380801764889,2.569241046194954e-5,49,2023-03-08,1.947999558495771e-4,woothr,Wood Thrush
woothr,state,NIC-656,Jinotega,NA,North America,nonbreeding,0.40451862374363234,0.03142838448443503,0.03142838448443503,0.935898797869007,0.0272216389152479,105,2023-02-22,0.03934575871284396,woothr,Wood Thrush
woothr,state,NIC-656,Jinotega,NA,North America,postbreeding_migration,0.1327225313854479,0.00552617148365496,0.00552617148365496,0.9283894494994176,0.003837656678187005,49,2023-11-15,0.04313911356207743,woothr,Wood Thrush
woothr,state,NIC-656,Jinotega,NA,North America,prebreeding_migration,0.11565680690771238,0.0014869291086939348,0.0014869291086939348,0.7619244014182042,0.002570465451425111,56,2023-03-08,0.042805173488524584,woothr,Wood Thrush
woothr,state,NIC-657,Atlántico Norte,NA,North America,nonbreeding,0.13322463817819635,0.03657529896850362,0.03657529896850362,0.47059842485232406,0.04836772354307974,105,2023-11-29,0.05251769655237713,woothr,Wood Thrush
woothr,state,NIC-657,Atlántico Norte,NA,North America,postbreeding_migration,0.05599945325001845,0.008239166641750114,0.008239166641750114,0.5858157329677449,0.008556905842744919,42,2023-11-08,0.059020363516012704,woothr,Wood Thrush
woothr,state,NIC-657,Atlántico Norte,NA,North America,prebreeding_migration,0.018518659408629748,8.412951952352865e-4,8.412951952352865e-4,0.179262480682245,0.002137022473668767,49,2023-03-08,0.026937828877609753,woothr,Wood Thrush
woothr,state,NIC-658,León,NA,North America,nonbreeding,0.019853328075709022,8.969200966593617e-4,8.969200966593617e-4,0.1904173670472623,0.0032205410149293225,105,2023-12-20,0.0019538201288811156,woothr,Wood Thrush
woothr,state,NIC-658,León,NA,North America,postbreeding_migration,0.007571561873143539,1.833167191610635e-4,1.833167191610635e-4,0.13620219657165902,3.273836105794757e-4,49,2023-11-01,0.0013326120340364362,woothr,Wood Thrush
woothr,state,NIC-658,León,NA,North America,prebreeding_migration,0.0029107363638308753,2.1759997254375663e-5,2.1759997254375663e-5,0.06196398294695388,1.2155591967561456e-4,56,2023-03-22,7.492450842676985e-4,woothr,Wood Thrush
woothr,state,NIC-659,Managua,NA,North America,nonbreeding,0.010483839535982677,3.339297792671049e-4,3.339297792671049e-4,0.09356364139847666,0.001115690522949308,105,2023-12-20,5.583571371886607e-4,woothr,Wood Thrush
woothr,state,NIC-659,Managua,NA,North America,postbreeding_migration,0.0033803204054359964,5.770172771018963e-5,5.770172771018963e-5,0.050821996430689305,8.61269153937369e-5,49,2023-11-15,3.928908314515436e-4,woothr,Wood Thrush
woothr,state,NIC-659,Managua,NA,North America,prebreeding_migration,0.0016771585454536857,8.839840594687808e-6,8.839840594687808e-6,0.026625907142792435,3.68260849311272e-5,49,2023-03-22,2.525330439148601e-4,woothr,Wood Thrush
woothr,state,NIC-660,Masaya,NA,North America,nonbreeding,0.01452502490712342,6.660503863464039e-5,6.660503863464039e-5,0.1371828977033719,2.3550059783126676e-4,105,2023-01-25,2.5360414131418387e-4,woothr,Wood Thrush
woothr,state,NIC-660,Masaya,NA,North America,postbreeding_migration,0.00541847734089241,1.3315688440111944e-5,1.3315688440111944e-5,0.09782634366917028,2.3867031552003567e-5,49,2023-11-08,1.541658221726432e-4,woothr,Wood Thrush
woothr,state,NIC-660,Masaya,NA,North America,prebreeding_migration,0.0014450040411451183,1.0964650408150746e-6,1.0964650408150746e-6,0.024885211027113892,4.955048146446015e-6,49,2023-03-15,8.241199447009078e-5,woothr,Wood Thrush
woothr,state,NIC-663,Chinandega,NA,North America,nonbreeding,0.011267495056892705,4.8727576519857785e-4,4.8727576519857785e-4,0.09406973247948867,0.0015229974910302472,98,2023-12-20,0.0010430097990261331,woothr,Wood Thrush
woothr,state,NIC-663,Chinandega,NA,North America,postbreeding_migration,0.005330856345755255,1.2354938276029406e-4,1.2354938276029406e-4,0.08645676228994664,1.9892931643876853e-4,49,2023-11-15,8.275415582820007e-4,woothr,Wood Thrush
woothr,state,NIC-663,Chinandega,NA,North America,prebreeding_migration,5.720869090332524e-4,4.09397300713312e-6,4.09397300713312e-6,0.01517265436328456,2.8492158561980655e-5,56,2023-03-22,1.7653554152055026e-4,woothr,Wood Thrush
woothr,state,NIC-664,Estelí,NA,North America,nonbreeding,0.0676215122067116,0.0013109206696893445,0.0013109206696893445,0.4732525274539364,0.0034346802878438554,105,2023-12-27,0.0024636464242967673,woothr,Wood Thrush
woothr,state,NIC-664,Estelí,NA,North America,postbreeding_migration,0.02649708539916917,2.752870632066903e-4,2.752870632066903e-4,0.4031632048551953,4.158386078064505e-4,49,2023-11-01,0.0021459273611022745,woothr,Wood Thrush
woothr,state,NIC-664,Estelí,NA,North America,prebreeding_migration,0.01927615844838442,6.183687716174087e-5,6.183687716174087e-5,0.26675081219666125,2.2455029763903496e-4,56,2023-03-22,0.002156117601364052,woothr,Wood Thrush
woothr,state,NIC-665,Madriz,NA,North America,nonbreeding,0.08810493037060474,0.0011608843510513773,0.0011608843510513773,0.3172303031902191,0.0015648231189580848,105,2023-03-01,0.0019576745203728155,woothr,Wood Thrush
woothr,state,NIC-665,Madriz,NA,North America,postbreeding_migration,0.032891516463745954,2.322569969191474e-4,2.322569969191474e-4,0.29613470244043166,2.0760147474054076e-4,49,2023-11-15,0.0019716640716051876,woothr,Wood Thrush
woothr,state,NIC-665,Madriz,NA,North America,prebreeding_migration,0.03416708129924514,7.449586282114554e-5,7.449586282114554e-5,0.2776004918564265,1.588273639013052e-4,56,2023-03-08,0.0024145173675100763,woothr,Wood Thrush
woothr,state,NIC-666,Matagalpa,NA,North America,nonbreeding,0.2383366757744314,0.016857891169570288,0.016857891169570288,0.7118649964090964,0.01885002148698743,105,2023-12-06,0.021663963391446637,woothr,Wood Thrush
woothr,state,NIC-666,Matagalpa,NA,North America,postbreeding_migration,0.08440640536277122,0.00319951343424663,0.00319951343424663,0.7453504644381341,0.002804951015105661,49,2023-11-15,0.02704002636984261,woothr,Wood Thrush
woothr,state,NIC-666,Matagalpa,NA,North America,prebreeding_migration,0.05885201470106932,6.888255249793614e-4,6.888255249793614e-4,0.41095963903365057,0.0012621991733679852,56,2023-03-08,0.020213285224011415,woothr,Wood Thrush
woothr,state,NIC-667,Nueva Segovia,NA,North America,nonbreeding,0.2988391748364168,0.00815707226769109,0.00815707226769109,0.6905842219129953,0.007056921330368082,105,2023-02-22,0.01072415351036255,woothr,Wood Thrush
woothr,state,NIC-667,Nueva Segovia,NA,North America,postbreeding_migration,0.10011213491140684,0.001464467266857483,0.001464467266857483,0.6867120362549591,9.972954269904986e-4,49,2023-11-15,0.011628503351587808,woothr,Wood Thrush
woothr,state,NIC-667,Nueva Segovia,NA,North America,prebreeding_migration,0.08547683874953854,3.8608307391163946e-4,3.8608307391163946e-4,0.5852735177642738,6.937004994904579e-4,56,2023-03-08,0.011204422105377016,woothr,Wood Thrush
woothr,state,NIC-668,Boaco,NA,North America,nonbreeding,0.07581531232854631,0.0026794882203796926,0.0026794882203796926,0.3425850074973954,0.0045327849974656715,105,2023-12-20,0.003547428571746009,woothr,Wood Thrush
woothr,state,NIC-668,Boaco,NA,North America,postbreeding_migration,0.02742775638950539,5.194949998406586e-4,5.194949998406586e-4,0.3669473672895594,6.900031709377695e-4,49,2023-11-08,0.0041679374271762415,woothr,Wood Thrush
woothr,state,NIC-668,Boaco,NA,North America,prebreeding_migration,0.021190956988258153,1.2393130494099477e-4,1.2393130494099477e-4,0.1826333630190148,2.80279537410154e-4,56,2023-03-08,0.0033622873201308704,woothr,Wood Thrush
woothr,state,NIC-669,Chontales,NA,North America,nonbreeding,0.014834377673218511,7.920502187801275e-4,7.920502187801275e-4,0.12891127798053426,0.002576772894727252,105,2023-12-20,0.001474894193910299,woothr,Wood Thrush
woothr,state,NIC-669,Chontales,NA,North America,postbreeding_migration,0.004088890268926697,1.1699976975119116e-4,1.1699976975119116e-4,0.10045072625546296,2.853572127551849e-4,49,2023-10-25,9.186034851395608e-4,woothr,Wood Thrush
woothr,state,NIC-669,Chontales,NA,North America,prebreeding_migration,0.004937208367112004,4.3621477544005805e-5,4.3621477544005805e-5,0.07787889427018553,1.80559155736122e-4,49,2023-03-08,0.0011748157664941872,woothr,Wood Thrush
woothr,state,PAN-1332,Chiriquí,NA,North America,nonbreeding,1.4171310849964922e-4,8.897222214432527e-6,8.897222214432527e-6,0.04108252848277749,9.65613704934452e-4,49,2023-12-13,6.214501762071617e-5,woothr,Wood Thrush
woothr,state,PAN-1332,Chiriquí,NA,North America,postbreeding_migration,3.2169996783662456e-5,1.0824094997902204e-6,1.0824094997902204e-6,0.03885730673878127,1.2979844674716493e-4,7,2023-10-18,3.91278214152841e-5,woothr,Wood Thrush
woothr,state,PAN-1332,Chiriquí,NA,North America,prebreeding_migration,1.0765488204025028e-4,1.1184425253704595e-6,1.1184425253704595e-6,0.04087274890804026,1.1142807103466194e-4,35,2023-04-12,3.249316035678421e-5,woothr,Wood Thrush
woothr,state,PAN-1336,Coclé,NA,North America,nonbreeding,6.236046754225793e-4,2.578378087715147e-5,2.578378087715147e-5,0.15566757301154707,0.002409557178427851,63,2023-02-15,1.425910189565948e-4,woothr,Wood Thrush
woothr,state,PAN-1336,Coclé,NA,North America,postbreeding_migration,1.1133815254210068e-4,2.467046949169471e-6,2.467046949169471e-6,0.08840894657067994,1.944848792496736e-4,28,2023-11-08,5.926109227716892e-5,woothr,Wood Thrush
woothr,state,PAN-1336,Coclé,NA,North America,prebreeding_migration,6.424268125375188e-4,4.395379988093551e-6,4.395379988093551e-6,0.23559362838046835,4.229773693987369e-4,49,2023-03-22,1.2783559673889568e-4,woothr,Wood Thrush
woothr,state,PAN-1337,Colón,NA,North America,nonbreeding,8.32109975068139e-4,4.033968091697611e-5,4.033968091697611e-5,0.2260404927027347,0.00410241714650213,98,2023-02-15,1.7484618662890034e-4,woothr,Wood Thrush
woothr,state,PAN-1337,Colón,NA,North America,postbreeding_migration,3.622508964602772e-4,9.411467871331376e-6,9.411467871331376e-6,0.2373761623211403,6.122675202208251e-4,28,2023-11-08,2.0227821757832804e-4,woothr,Wood Thrush
woothr,state,PAN-1337,Colón,NA,North America,prebreeding_migration,4.232796783321584e-4,3.3955855587677473e-6,3.3955855587677473e-6,0.2288415009611894,4.8172908711782697e-4,49,2023-03-22,1.890759129110727e-4,woothr,Wood Thrush
woothr,state,PAN-1340,Panama,NA,North America,nonbreeding,1.5303187363546294e-4,1.7086451125877592e-5,1.7086451125877592e-5,0.04814042689590322,0.002012249153034335,70,2023-02-22,1.0004469750629222e-4,woothr,Wood Thrush
woothr,state,PAN-1340,Panama,NA,North America,postbreeding_migration,8.48602961283335e-5,5.077742586096662e-6,5.077742586096662e-6,0.05382596809617237,3.197526919900466e-4,21,2023-11-08,1.0233657530256892e-4,woothr,Wood Thrush
woothr,state,PAN-1340,Panama,NA,North America,prebreeding_migration,1.5605644880879515e-4,2.8832826726760376e-6,2.8832826726760376e-6,0.07534226279237677,3.652792349948858e-4,49,2023-03-22,1.786029130837737e-4,woothr,Wood Thrush
woothr,state,PAN-1341,Veraguas,NA,North America,nonbreeding,5.292694940464165e-4,5.7405951697903003e-05,5.7405951697903003e-05,0.12127222060096772,0.004924285576819064,77,2023-02-22,2.2188767634818217e-4,woothr,Wood Thrush
woothr,state,PAN-1341,Veraguas,NA,North America,postbreeding_migration,7.529531731463277e-5,4.3766739173797224e-6,4.3766739173797224e-6,0.06498783005527393,3.750286798718712e-4,14,2023-11-08,7.832187614397216e-5,woothr,Wood Thrush
woothr,state,PAN-1341,Veraguas,NA,North America,prebreeding_migration,1.0750123806357578e-4,1.929430116826456e-6,1.929430116826456e-6,0.03417776921469154,1.6096821318854063e-4,35,2023-03-22,9.132393478109057e-5,woothr,Wood Thrush
woothr,state,PAN-1958,Bocas del Toro,NA,North America,nonbreeding,0.004824026160555899,2.260987453734088e-4,2.260987453734088e-4,0.23176604008045332,0.004066681327757957,105,2023-02-01,5.791890293954762e-4,woothr,Wood Thrush
woothr,state,PAN-1958,Bocas del Toro,NA,North America,postbreeding_migration,0.004771900747094496,1.1986049441838975e-4,1.1986049441838975e-4,0.6125192356230048,0.0015274275397666958,35,2023-10-25,8.724088739784745e-4,woothr,Wood Thrush
woothr,state,PAN-1958,Bocas del Toro,NA,North America,prebreeding_migration,2.1073772363586644e-4,1.6344299490363662e-6,1.6344299490363662e-6,0.05471579487378962,1.1135701039568908e-4,42,2023-04-12,4.194788635559179e-5,woothr,Wood Thrush
woothr,state,PAN-3454,Ngöbe Buglé,NA,North America,nonbreeding,0.0019123606488125624,1.061543672618532e-4,1.061543672618532e-4,0.45321589133960816,0.009418354649910103,91,2023-12-06,4.362997069483599e-4,woothr,Wood Thrush
woothr,state,PAN-3454,Ngöbe Buglé,NA,North America,postbreeding_migration,4.5340893713465377e-4,1.348820967381714e-5,1.348820967381714e-5,0.4447779801537506,0.0013136017928261565,35,2023-10-18,3.070582112901775e-4,woothr,Wood Thrush
woothr,state,PAN-3454,Ngöbe Buglé,NA,North America,prebreeding_migration,7.820568010975163e-4,7.183595896040419e-6,7.183595896040419e-6,0.3341761092501111,8.054893782093149e-4,49,2023-04-12,1.7208199006530755e-4,woothr,Wood Thrush
woothr,state,SLV-1343,Ahuachapán,NA,North America,nonbreeding,0.007858711951146612,8.24051982258208e-5,8.24051982258208e-5,0.2667487911540326,0.0010471467296119749,63,2023-12-27,2.5191750616317875e-4,woothr,Wood Thrush
woothr,state,SLV-1344,Cabañas,NA,North America,nonbreeding,1.0620079214998858e-4,9.420628669908276e-7,9.420628669908276e-7,0.008595629021586617,2.8545104420682972e-5,56,2023-12-13,2.0533227597427404e-5,woothr,Wood Thrush
woothr,state,SLV-1344,Cabañas,NA,North America,postbreeding_migration,2.5089388101790477e-6,1.192719621016049e-8,1.192719621016049e-8,2.579267469718963e-4,1.2173091795954093e-7,7,2023-11-01,8.957145878830951e-6,woothr,Wood Thrush
woothr,state,SLV-1346,La Libertad,NA,North America,nonbreeding,2.852547553608398e-5,4.361282774748764e-7,4.361282774748764e-7,0.002401970063281726,1.3748356542587514e-5,49,2023-12-27,1.5542391856564766e-5,woothr,Wood Thrush
woothr,state,SLV-1348,Sonsonate,NA,North America,nonbreeding,0.006069359915017766,6.812946222816835e-5,6.812946222816835e-5,0.15298007926303428,6.428783396652434e-4,77,2023-12-27,2.355928997414537e-4,woothr,Wood Thrush
woothr,state,SLV-1350,La Unión,NA,North America,nonbreeding,2.140789144745243e-4,3.951661679037307e-6,3.951661679037307e-6,0.017023701725423973,1.1764181218102772e-4,7,2023-01-11,6.264521648408052e-5,woothr,Wood Thrush
woothr,state,SLV-1351,Morazán,NA,North America,nonbreeding,0.0046347146668421204,4.9647357516155794e-5,4.9647357516155794e-5,0.18298535312867104,7.33822979228991e-4,91,2023-01-11,4.304556924783683e-4,woothr,Wood Thrush
woothr,state,SLV-1351,Morazán,NA,North America,postbreeding_migration,9.8249494958431e-5,5.640266531567597e-7,5.640266531567597e-7,0.002096353499881412,1.194785767101788e-6,42,2023-11-15,2.766230734764679e-5,woothr,Wood Thrush
woothr,state,SLV-1351,Morazán,NA,North America,prebreeding_migration,2.3210546601399392e-4,4.114281784125839e-7,4.114281784125839e-7,0.01539317104334476,7.160075190323751e-6,28,2023-03-08,7.024232581917105e-5,woothr,Wood Thrush
woothr,state,SLV-1352,San Miguel,NA,North America,nonbreeding,7.614460430960989e-5,1.3148089841886898e-6,1.3148089841886898e-6,0.005861030550448274,3.788779727349118e-5,21,2023-01-11,6.781968093088543e-5,woothr,Wood Thrush
woothr,state,SLV-1352,San Miguel,NA,North America,postbreeding_migration,0.0018651356069586372,1.7259575367040252e-5,1.7259575367040252e-5,0.046304866542976525,4.2540496306000274e-5,35,2023-10-25,1.1596207432024967e-4,woothr,Wood Thrush
woothr,state,SLV-1353,San Vicente,NA,North America,postbreeding_migration,3.2405580480103133e-4,1.7022482210186255e-6,1.7022482210186255e-6,0.03018224812236142,1.574022335376939e-5,28,2023-10-25,1.929201447289275e-5,woothr,Wood Thrush
woothr,state,SLV-1354,Usulután,NA,North America,postbreeding_migration,0.0027447849984296,2.9153371711104175e-5,2.9153371711104175e-5,0.06787838332487013,7.15761230088278e-5,35,2023-10-25,2.0914082006721457e-4,woothr,Wood Thrush
woothr,state,SLV-1357,Chalatenango,NA,North America,nonbreeding,0.02427339112158665,3.705139838430261e-4,3.705139838430261e-4,0.310130417030018,0.001772231110058101,105,2023-12-13,9.2479532291396e-4,woothr,Wood Thrush
woothr,state,SLV-1357,Chalatenango,NA,North America,postbreeding_migration,0.005896883813961244,4.823839900551709e-5,4.823839900551709e-5,0.13214382147567785,1.0731820463699796e-4,42,2023-11-15,3.853861277383719e-4,woothr,Wood Thrush
woothr,state,SLV-1357,Chalatenango,NA,North America,prebreeding_migration,0.004197399896222008,1.0602054349948854e-5,1.0602054349948854e-5,0.1467453263913251,9.726459447160415e-5,56,2023-03-08,3.4776293456787e-4,woothr,Wood Thrush
woothr,state,SLV-1358,Santa Ana,NA,North America,nonbreeding,0.0049732523935106365,8.598182086855386e-5,8.598182086855386e-5,0.1651596050336973,0.0010689855049660075,84,2023-12-20,3.640400981466624e-4,woothr,Wood Thrush
woothr,state,SLV-1358,Santa Ana,NA,North America,prebreeding_migration,0.001106027433985048,3.1642265198839325e-6,3.1642265198839325e-6,0.034655102352045546,2.6016548232218828e-5,49,2023-03-22,1.5011986979085974e-4,woothr,Wood Thrush
woothr,state,USA-AL,Alabama,NA,North America,breeding,0.43752583674973544,0.04498957296699086,0.04498957296699086,0.8229415334723691,0.04934072473021954,63,2023-06-21,0.04835387074996184,woothr,Wood Thrush
woothr,state,USA-AL,Alabama,NA,North America,postbreeding_migration,0.1322064238867471,0.07854092123038442,0.07854092123038442,0.8407659257213703,0.04958779047215464,98,2023-10-04,0.1963415865316448,woothr,Wood Thrush
woothr,state,USA-AL,Alabama,NA,North America,prebreeding_migration,0.30249044507494977,0.05548741058567835,0.05548741058567835,0.8665498812046437,0.04171163249220923,63,2023-04-12,0.18191155630554776,woothr,Wood Thrush
woothr,state,USA-AR,Arkansas,NA,North America,breeding,0.23875102440417936,0.02503151509161656,0.02503151509161656,0.6146716314882111,0.037576250219987825,63,2023-07-26,0.028377748572292066,woothr,Wood Thrush
woothr,state,USA-AR,Arkansas,NA,North America,postbreeding_migration,0.02720689192731668,0.016479957638267095,0.016479957638267095,0.5973477238368259,0.035922007131151956,77,2023-08-09,0.044187302551456614,woothr,Wood Thrush
woothr,state,USA-AR,Arkansas,NA,North America,prebreeding_migration,0.1381992306064525,0.025847714557664252,0.025847714557664252,0.6563210681535707,0.032211703463469306,49,2023-04-19,0.0487419463948731,woothr,Wood Thrush
woothr,state,USA-CO,Colorado,NA,North America,prebreeding_migration,3.949668363797084e-5,1.4458700835883372e-5,1.4458700835883372e-5,0.01845459330656748,0.0017727763218745184,21,2023-05-10,5.449297783710167e-5,woothr,Wood Thrush
woothr,state,USA-CT,Connecticut,NA,North America,breeding,0.9374421744181944,0.009597076723774849,0.009597076723774849,0.8663220010729032,0.00517132935703124,63,2023-06-21,0.0104388685344925,woothr,Wood Thrush
woothr,state,USA-CT,Connecticut,NA,North America,postbreeding_migration,0.13116625233683102,0.00775803715090049,0.00775803715090049,0.8073497858771809,0.004740757069367515,70,2023-08-30,0.0196990956888548,woothr,Wood Thrush
woothr,state,USA-CT,Connecticut,NA,North America,prebreeding_migration,0.381300999381875,0.006963651888575858,0.006963651888575858,0.9339375392182054,0.004475770033664247,28,2023-05-17,0.0108120124734458,woothr,Wood Thrush
woothr,state,USA-DC,District of Columbia,NA,North America,breeding,0.15136682804378074,1.9411369493071316e-5,1.9411369493071316e-5,0.18232688493213384,1.3633411839763926e-5,63,2023-06-07,3.596980276642156e-5,woothr,Wood Thrush
woothr,state,USA-DC,District of Columbia,NA,North America,postbreeding_migration,0.046160668657004425,3.420052898750217e-5,3.420052898750217e-5,0.7273635270582414,5.350180995338371e-5,77,2023-10-04,1.420663561263136e-4,woothr,Wood Thrush
woothr,state,USA-DC,District of Columbia,NA,North America,prebreeding_migration,0.25928487066054096,5.9316739778619195e-5,5.9316739778619195e-5,0.9328146542785968,5.5998485279809394e-5,42,2023-05-03,1.588377862967744e-4,woothr,Wood Thrush
woothr,state,USA-DE,Delaware,NA,North America,breeding,0.3639949847604171,0.0015781439587671112,0.0015781439587671112,0.5286183051415659,0.0013363548404631976,63,2023-07-26,0.0021314472105609735,woothr,Wood Thrush
woothr,state,USA-DE,Delaware,NA,North America,postbreeding_migration,0.04033491251405467,0.001010340128835708,0.001010340128835708,0.44114406729428646,0.001097041731512045,77,2023-08-23,0.0021549690933870907,woothr,Wood Thrush
woothr,state,USA-DE,Delaware,NA,North America,prebreeding_migration,0.23166812898691777,0.0017918107544757237,0.0017918107544757237,0.7014783923481017,0.0014237081421449322,42,2023-05-03,0.0029959054271272863,woothr,Wood Thrush
woothr,state,USA-FL,Florida,NA,North America,breeding,0.00790079958935193,9.568344540725264e-4,9.568344540725264e-4,0.08020731914424868,0.005663802958572711,63,2023-06-07,0.0011749904363898783,woothr,Wood Thrush
woothr,state,USA-FL,Florida,NA,North America,postbreeding_migration,0.007497065100641085,0.005245565419263524,0.005245565419263524,0.23610331255124575,0.016400584568640627,98,2023-10-11,0.028432887447557693,woothr,Wood Thrush
woothr,state,USA-FL,Florida,NA,North America,prebreeding_migration,0.007780457902789486,0.0016809142042606942,0.0016809142042606942,0.22746193690206995,0.012895255335837349,63,2023-04-12,0.006974761637589541,woothr,Wood Thrush
woothr,state,USA-GA,Georgia,NA,North America,breeding,0.28449906952760584,0.03328730666674498,0.03328730666674498,0.6762032345071717,0.04613212141337029,63,2023-06-07,0.03894962972520952,woothr,Wood Thrush
woothr,state,USA-GA,Georgia,NA,North America,postbreeding_migration,0.06249279683398371,0.042243805517493134,0.042243805517493134,0.6196329189148346,0.041583762054669154,84,2023-10-11,0.11366243822208622,woothr,Wood Thrush
woothr,state,USA-GA,Georgia,NA,North America,prebreeding_migration,0.21520610143529337,0.04491868328973371,0.04491868328973371,0.7630686085900217,0.04179427999910592,63,2023-04-12,0.14437116407712425,woothr,Wood Thrush
woothr,state,USA-IA,Iowa,NA,North America,breeding,0.044890764305120574,0.00497710498807704,0.00497710498807704,0.1816207573398862,0.01174123175170723,63,2023-07-05,0.006242654697252023,woothr,Wood Thrush
woothr,state,USA-IA,Iowa,NA,North America,postbreeding_migration,0.004146006775257814,0.0026557370704787843,0.0026557370704787843,0.2483320102428362,0.01579224941894209,63,2023-09-06,0.008047665530085579,woothr,Wood Thrush
woothr,state,USA-IA,Iowa,NA,North America,prebreeding_migration,0.02591307213686113,0.0051252297293355445,0.0051252297293355445,0.28352043812412314,0.01471497833456259,28,2023-05-10,0.008848242980836706,woothr,Wood Thrush
woothr,state,USA-IL,Illinois,NA,North America,breeding,0.18331167976372184,0.02044698335619275,0.02044698335619275,0.3979841343723864,0.02588411028277035,63,2023-07-26,0.024589952684823085,woothr,Wood Thrush
woothr,state,USA-IL,Illinois,NA,North America,postbreeding_migration,0.02536521161809952,0.016346051483031473,0.016346051483031473,0.40190926423833906,0.025713347057026582,77,2023-08-09,0.029857690451596152,woothr,Wood Thrush
woothr,state,USA-IL,Illinois,NA,North America,prebreeding_migration,0.11436145385189198,0.022755867933097394,0.022755867933097394,0.5662671169257557,0.029567588323433504,42,2023-05-10,0.03345558753146933,woothr,Wood Thrush
woothr,state,USA-IN,Indiana,NA,North America,breeding,0.5201330922998919,0.037272207534166955,0.037272207534166955,0.5829649216400151,0.02435798893363324,63,2023-07-26,0.04508952524630264,woothr,Wood Thrush
woothr,state,USA-IN,Indiana,NA,North America,postbreeding_migration,0.0706184557533556,0.02923641463384234,0.02923641463384234,0.5142113960838144,0.021135076078350214,77,2023-08-02,0.04945314978038744,woothr,Wood Thrush
woothr,state,USA-IN,Indiana,NA,North America,prebreeding_migration,0.26306472885749027,0.03362852997074959,0.03362852997074959,0.7425577001002824,0.02490899981253659,42,2023-05-03,0.04520282584824629,woothr,Wood Thrush
woothr,state,USA-KS,Kansas,NA,North America,breeding,0.003514700677319936,5.702026717996093e-4,5.702026717996093e-4,0.02536957944613593,0.0023998414304300117,63,2023-07-26,6.873050605437377e-4,woothr,Wood Thrush
woothr,state,USA-KS,Kansas,NA,North America,postbreeding_migration,2.9230490961001113e-4,2.739758474046741e-4,2.739758474046741e-4,0.0133529020462537,0.00124253334994076,63,2023-08-09,7.614254994298043e-4,woothr,Wood Thrush
woothr,state,USA-KS,Kansas,NA,North America,prebreeding_migration,0.003370816494212423,9.755524941998224e-4,9.755524941998224e-4,0.04655198789387128,0.003535367682048175,35,2023-05-10,0.0015501697121837923,woothr,Wood Thrush
woothr,state,USA-KY,Kentucky,NA,North America,breeding,0.7668329598874959,0.06113041626123913,0.06113041626123913,0.7423088134706746,0.03450401027896254,63,2023-06-07,0.06763594586674902,woothr,Wood Thrush
woothr,state,USA-KY,Kentucky,NA,North America,postbreeding_migration,0.10373927345159656,0.04777877930768128,0.04777877930768128,0.704792876298569,0.03222623543820691,77,2023-09-20,0.07429300518554974,woothr,Wood Thrush
woothr,state,USA-KY,Kentucky,NA,North America,prebreeding_migration,0.43057203734354216,0.06123180109044094,0.06123180109044094,0.8394255333261841,0.031325225819012405,49,2023-04-26,0.1000489537106752,woothr,Wood Thrush
woothr,state,USA-LA,Louisiana,NA,North America,breeding,0.23352082028437987,0.02226593940684836,0.02226593940684836,0.4329956054548776,0.02407283725731497,63,2023-06-07,0.026912303876591447,woothr,Wood Thrush
woothr,state,USA-LA,Louisiana,NA,North America,postbreeding_migration,0.02176894229009375,0.011991900309088244,0.011991900309088244,0.49359482167396634,0.026994637404139845,98,2023-08-09,0.0256247061909002,woothr,Wood Thrush
woothr,state,USA-LA,Louisiana,NA,North America,prebreeding_migration,0.165277405451002,0.028112763063664812,0.028112763063664812,0.49575503400928533,0.022127787984811024,63,2023-04-12,0.09980233827266344,woothr,Wood Thrush
woothr,state,USA-MA,Massachusetts,NA,North America,breeding,0.5040781508560218,0.009224006835035856,0.009224006835035856,0.7221484926435501,0.007705070690853485,63,2023-07-12,0.010202350539081945,woothr,Wood Thrush
woothr,state,USA-MA,Massachusetts,NA,North America,postbreeding_migration,0.08074869359700101,0.008536749022592846,0.008536749022592846,0.6960688318997581,0.007305760290102212,70,2023-08-23,0.021679670986385954,woothr,Wood Thrush
woothr,state,USA-MA,Massachusetts,NA,North America,prebreeding_migration,0.21703048492363933,0.0070846290209677166,0.0070846290209677166,0.8081404206744021,0.006922516912884753,28,2023-05-17,0.011811293242055454,woothr,Wood Thrush
woothr,state,USA-MD,Maryland,NA,North America,breeding,0.6547501706550628,0.014868500362273575,0.014868500362273575,0.6274808098069853,0.00830845690683642,63,2023-07-26,0.01814830238592168,woothr,Wood Thrush
woothr,state,USA-MD,Maryland,NA,North America,postbreeding_migration,0.08423460648305782,0.011051401695110168,0.011051401695110168,0.5777829789910168,0.007525715205562784,77,2023-08-02,0.018639767969194525,woothr,Wood Thrush
woothr,state,USA-MD,Maryland,NA,North America,prebreeding_migration,0.3350147016931306,0.01357156852254075,0.01357156852254075,0.7745776739861544,0.00823402110631652,42,2023-05-03,0.020062983068356,woothr,Wood Thrush
woothr,state,USA-ME,Maine,NA,North America,breeding,0.0874753878973498,0.005933437896114516,0.005933437896114516,0.7968508734519275,0.03151562708348067,63,2023-05-31,0.00660621377256798,woothr,Wood Thrush
woothr,state,USA-ME,Maine,NA,North America,postbreeding_migration,0.005394001456567249,0.002113814387541049,0.002113814387541049,0.4720547583551099,0.01836556916072332,63,2023-08-02,0.004990683419146102,woothr,Wood Thrush
woothr,state,USA-ME,Maine,NA,North America,prebreeding_migration,0.027649512157644936,0.003345666344297952,0.003345666344297952,0.768691925679454,0.024407780938317716,28,2023-05-24,0.0077472208645773,woothr,Wood Thrush
woothr,state,USA-MI,Michigan,NA,North America,breeding,0.1842593465334707,0.022837009562449467,0.022837009562449467,0.6517311808620087,0.047098446489047235,63,2023-05-31,0.02582678206004309,woothr,Wood Thrush
woothr,state,USA-MI,Michigan,NA,North America,postbreeding_migration,0.009961411376471056,0.007132895290984449,0.007132895290984449,0.4077477020582704,0.028986295642420872,70,2023-08-02,0.01389261625987833,woothr,Wood Thrush
woothr,state,USA-MI,Michigan,NA,North America,prebreeding_migration,0.09030381899444484,0.01996597186272892,0.01996597186272892,0.824443178982832,0.04783280944907149,28,2023-05-17,0.03377712862692023,woothr,Wood Thrush
woothr,state,USA-MN,Minnesota,NA,North America,breeding,0.09003234251918077,0.01489897276860267,0.01489897276860267,0.49343027748281,0.04761150908172537,63,2023-05-31,0.017987475345013954,woothr,Wood Thrush
woothr,state,USA-MN,Minnesota,NA,North America,postbreeding_migration,0.0018406397763005137,0.0017597940514386132,0.0017597940514386132,0.23254829783963557,0.022073054189002635,70,2023-08-02,0.004383597678204023,woothr,Wood Thrush
woothr,state,USA-MN,Minnesota,NA,North America,prebreeding_migration,0.030925870989824703,0.009129654585049414,0.009129654585049414,0.5648649774131573,0.043758041756040485,28,2023-05-24,0.0207442637702599,woothr,Wood Thrush
woothr,state,USA-MO,Missouri,NA,North America,breeding,0.24343405818267236,0.033490163221494645,0.033490163221494645,0.4327268323395026,0.034711879260545295,63,2023-07-26,0.03728983142420097,woothr,Wood Thrush
woothr,state,USA-MO,Missouri,NA,North America,postbreeding_migration,0.0343586939966659,0.027309128359963915,0.027309128359963915,0.4600647294902866,0.03630332076132008,77,2023-08-09,0.056764939314013337,woothr,Wood Thrush
woothr,state,USA-MO,Missouri,NA,North America,prebreeding_migration,0.12888653262315833,0.031631376806907224,0.031631376806907224,0.5166409351544659,0.03327209844396892,42,2023-05-03,0.04064628565408639,woothr,Wood Thrush
woothr,state,USA-MS,Mississippi,NA,North America,breeding,0.6304264277718812,0.05994078731591286,0.05994078731591286,0.7916130359893694,0.04388633820140033,63,2023-06-07,0.06990127377800108,woothr,Wood Thrush
woothr,state,USA-MS,Mississippi,NA,North America,postbreeding_migration,0.10425001859357327,0.057266341601221286,0.057266341601221286,0.7954419009691391,0.043379843891244343,98,2023-10-11,0.11978043999275424,woothr,Wood Thrush
woothr,state,USA-MS,Mississippi,NA,North America,prebreeding_migration,0.4606047354796517,0.07812518547326709,0.07812518547326709,0.8174090823384507,0.03638169634292558,63,2023-04-12,0.2693719157905946,woothr,Wood Thrush
woothr,state,USA-NC,North Carolina,NA,North America,breeding,0.32994841993389085,0.033770120428684665,0.033770120428684665,0.6305419537046266,0.03762954095277898,63,2023-07-12,0.03572665527476443,woothr,Wood Thrush
woothr,state,USA-NC,North Carolina,NA,North America,postbreeding_migration,0.06531379615947709,0.03862128763139359,0.03862128763139359,0.6114446134638349,0.0358951000366906,84,2023-10-04,0.09641398691086962,woothr,Wood Thrush
woothr,state,USA-NC,North Carolina,NA,North America,prebreeding_migration,0.1993772209398763,0.03640296222717716,0.03640296222717716,0.71449997891351,0.03423294246842691,49,2023-04-19,0.06790916840503916,woothr,Wood Thrush
woothr,state,USA-ND,North Dakota,NA,North America,breeding,6.884739147656499e-7,9.58482445631523e-8,9.58482445631523e-8,2.4594133680245253e-4,1.9964414508593872e-5,0,2023-05-31,1.256844361376076e-6,woothr,Wood Thrush
woothr,state,USA-ND,North Dakota,NA,North America,prebreeding_migration,9.280384018410198e-6,2.304821258753832e-6,2.304821258753832e-6,0.0022090319819355166,1.4396407466954405e-4,14,2023-05-17,8.562938970187714e-6,woothr,Wood Thrush
woothr,state,USA-NE,Nebraska,NA,North America,breeding,0.002058515895923744,3.1535511100974834e-4,3.1535511100974834e-4,0.011491463109641244,0.0010264773059104665,63,2023-06-28,4.732314412443422e-4,woothr,Wood Thrush
woothr,state,USA-NE,Nebraska,NA,North America,postbreeding_migration,1.404945518948559e-4,1.2434845643538237e-4,1.2434845643538237e-4,0.004687794303748553,4.119131760970486e-4,56,2023-08-09,3.680767611182988e-4,woothr,Wood Thrush
woothr,state,USA-NE,Nebraska,NA,North America,prebreeding_migration,8.967646812643823e-4,2.450748665770576e-4,2.450748665770576e-4,0.014213379144101744,0.0010192915962676417,28,2023-05-17,4.233993649552028e-4,woothr,Wood Thrush
woothr,state,USA-NH,New Hampshire,NA,North America,breeding,0.3158661249242665,0.0058578438654489,0.0058578438654489,0.8235340822040798,0.008905220809542251,63,2023-07-26,0.007476363316254479,woothr,Wood Thrush
woothr,state,USA-NH,New Hampshire,NA,North America,postbreeding_migration,0.03105154197015948,0.0033270028805445465,0.0033270028805445465,0.8339248454797452,0.008870602951975004,70,2023-08-02,0.007256226689734483,woothr,Wood Thrush
woothr,state,USA-NH,New Hampshire,NA,North America,prebreeding_migration,0.1384652828369596,0.00458089425739822,0.00458089425739822,0.9300057977841178,0.00807376024888093,28,2023-05-17,0.00896538460223764,woothr,Wood Thrush
woothr,state,USA-NJ,New Jersey,NA,North America,breeding,0.670904779612099,0.010890091336329203,0.010890091336329203,0.6941834678122798,0.006570119652298145,63,2023-06-28,0.012160208684505867,woothr,Wood Thrush
woothr,state,USA-NJ,New Jersey,NA,North America,postbreeding_migration,0.061678998252267934,0.005784198840501166,0.005784198840501166,0.5988547881790777,0.005575497826675817,77,2023-08-23,0.011447678888599317,woothr,Wood Thrush
woothr,state,USA-NJ,New Jersey,NA,North America,prebreeding_migration,0.34753802815163076,0.010063466366924775,0.010063466366924775,0.8610012062140502,0.006542290881898711,35,2023-05-03,0.014717273203997685,woothr,Wood Thrush
woothr,state,USA-NY,New York,NA,North America,breeding,0.6330018879706165,0.06319582447664547,0.06319582447664547,0.8138660970504548,0.047376689680989265,63,2023-07-19,0.06937209445213034,woothr,Wood Thrush
woothr,state,USA-NY,New York,NA,North America,postbreeding_migration,0.07145408682881482,0.04121409030321787,0.04121409030321787,0.7933310070932804,0.045428594013758546,84,2023-08-30,0.0875613333540583,woothr,Wood Thrush
woothr,state,USA-NY,New York,NA,North America,prebreeding_migration,0.24694346924560487,0.04398003335411163,0.04398003335411163,0.845151732251871,0.03949785564760029,28,2023-05-24,0.07000062109861792,woothr,Wood Thrush
woothr,state,USA-OH,Ohio,NA,North America,breeding,0.9982867554063486,0.08219583482499308,0.08219583482499308,0.8126028840442108,0.03901227138841887,63,2023-07-19,0.08889212812526803,woothr,Wood Thrush
woothr,state,USA-OH,Ohio,NA,North America,postbreeding_migration,0.1062416995923785,0.050538782721354154,0.050538782721354154,0.6442599631218517,0.030426159182429472,77,2023-08-30,0.08031907170728955,woothr,Wood Thrush
woothr,state,USA-OH,Ohio,NA,North America,prebreeding_migration,0.4795749307289855,0.07044101491278659,0.07044101491278659,0.9355862880783256,0.0360606709627558,42,2023-05-03,0.09340896349156136,woothr,Wood Thrush
woothr,state,USA-OK,Oklahoma,NA,North America,breeding,0.010899342236243784,0.0015008069330169833,0.0015008069330169833,0.0972227324286199,0.007805859612333743,63,2023-05-31,0.0019332945394703823,woothr,Wood Thrush
woothr,state,USA-OK,Oklahoma,NA,North America,postbreeding_migration,3.511260122435755e-4,2.793333617312716e-4,2.793333617312716e-4,0.03301767002797238,0.0026077289528043156,14,2023-08-02,0.0012700700461850331,woothr,Wood Thrush
woothr,state,USA-OK,Oklahoma,NA,North America,prebreeding_migration,0.007236182929461422,0.0017774962999002589,0.0017774962999002589,0.19677862356984985,0.012684048957966364,42,2023-04-26,0.002500188018614832,woothr,Wood Thrush
woothr,state,USA-PA,Pennsylvania,NA,North America,breeding,1.127160196638924,0.10110323925603006,0.10110323925603006,0.9200618439106698,0.048119911756570176,63,2023-07-26,0.11619109621192672,woothr,Wood Thrush
woothr,state,USA-PA,Pennsylvania,NA,North America,postbreeding_migration,0.1565643757553599,0.08113488835658125,0.08113488835658125,0.8627533300966438,0.044387180421140045,77,2023-09-06,0.16364679248325184,woothr,Wood Thrush
woothr,state,USA-PA,Pennsylvania,NA,North America,prebreeding_migration,0.5072601051494545,0.08116798483728911,0.08116798483728911,0.9754938915706558,0.040959951503463946,35,2023-05-10,0.11190709536269142,woothr,Wood Thrush
woothr,state,USA-RI,Rhode Island,NA,North America,breeding,0.4070800557677182,0.0011068411297917534,0.0011068411297917534,0.5851233530091872,9.276438531827556e-4,63,2023-06-21,0.0012766871564791813,woothr,Wood Thrush
woothr,state,USA-RI,Rhode Island,NA,North America,postbreeding_migration,0.055310441903190344,8.688561069827799e-4,8.688561069827799e-4,0.5769346316588784,8.997535335874518e-4,63,2023-08-23,0.0022229965912666733,woothr,Wood Thrush
woothr,state,USA-RI,Rhode Island,NA,North America,prebreeding_migration,0.17383855993455488,8.431914802341398e-4,8.431914802341398e-4,0.6766324431771454,8.612192618713226e-4,28,2023-05-17,0.0013966318418166146,woothr,Wood Thrush
woothr,state,USA-SC,South Carolina,NA,North America,breeding,0.1721980309992738,0.010748639271920483,0.010748639271920483,0.65222310487505,0.023738313564145148,63,2023-06-07,0.012417210343895112,woothr,Wood Thrush
woothr,state,USA-SC,South Carolina,NA,North America,postbreeding_migration,0.033290028486223665,0.012005347619174753,0.012005347619174753,0.6571947546855748,0.02352940166380787,84,2023-10-04,0.04033852268435245,woothr,Wood Thrush
woothr,state,USA-SC,South Carolina,NA,North America,prebreeding_migration,0.11737811055070844,0.013070345011455733,0.013070345011455733,0.6498843259109504,0.01898964399597295,56,2023-04-19,0.031748051409626624,woothr,Wood Thrush
woothr,state,USA-SD,South Dakota,NA,North America,breeding,2.988957136488942e-4,4.540071463344459e-5,4.540071463344459e-5,0.00472043645203364,4.180743595700032e-4,63,2023-06-28,1.1760081915262884e-4,woothr,Wood Thrush
woothr,state,USA-SD,South Dakota,NA,North America,postbreeding_migration,1.4833225620538086e-5,1.3017088892666473e-5,1.3017088892666473e-5,6.955582269012316e-4,6.059935222133952e-5,14,2023-08-09,9.78931621233048e-5,woothr,Wood Thrush
woothr,state,USA-SD,South Dakota,NA,North America,prebreeding_migration,2.792134580656747e-4,7.565784723367166e-5,7.565784723367166e-5,0.01652243676111141,0.0011748233067398772,28,2023-05-17,0.00022856492871010324,woothr,Wood Thrush
woothr,state,USA-TN,Tennessee,NA,North America,breeding,0.5674524340075977,0.04727808142398385,0.04727808142398385,0.7349217502613882,0.03570260109486567,63,2023-06-07,0.05394306548486371,woothr,Wood Thrush
woothr,state,USA-TN,Tennessee,NA,North America,postbreeding_migration,0.10715039587395836,0.051577397786762263,0.051577397786762263,0.6802580109960037,0.03250839545142167,84,2023-10-04,0.1025084052736469,woothr,Wood Thrush
woothr,state,USA-TN,Tennessee,NA,North America,prebreeding_migration,0.37210985898913274,0.055306501607163355,0.055306501607163355,0.8418699052079566,0.032834531154815064,56,2023-04-19,0.10247553576457494,woothr,Wood Thrush
woothr,state,USA-TX,Texas,NA,North America,breeding,0.016766205532298153,0.008851853711793653,0.008851853711793653,0.06821205245229128,0.020998532050374483,63,2023-06-07,0.009229331346452952,woothr,Wood Thrush
woothr,state,USA-TX,Texas,NA,North America,nonbreeding,4.733128980152166e-7,2.6939335755059536e-6,2.6939335755059536e-6,1.0395609466705916e-4,2.2150847269908073e-4,0,2023-11-22,1.4804701757722829e-5,woothr,Wood Thrush
woothr,state,USA-TX,Texas,NA,North America,postbreeding_migration,0.0014325926141284895,0.004369758302177667,0.004369758302177667,0.05930802197880339,0.017959918860100017,84,2023-08-16,0.014835776485966313,woothr,Wood Thrush
woothr,state,USA-TX,Texas,NA,North America,prebreeding_migration,0.013800177188131806,0.012997467353505389,0.012997467353505389,0.09362639901107696,0.02313945979955218,56,2023-04-12,0.04440196116726854,woothr,Wood Thrush
woothr,state,USA-VA,Virginia,NA,North America,breeding,0.7373613229420458,0.060708337175378976,0.060708337175378976,0.8164248069052069,0.039193364988175,63,2023-07-26,0.06729187238073074,woothr,Wood Thrush
woothr,state,USA-VA,Virginia,NA,North America,postbreeding_migration,0.11948509392970048,0.0568351459104287,0.0568351459104287,0.79510579994829,0.037547791143184586,77,2023-10-04,0.09877064576115856,woothr,Wood Thrush
woothr,state,USA-VA,Virginia,NA,North America,prebreeding_migration,0.3924312001493751,0.0576376337226943,0.0576376337226943,0.8794321627031032,0.033894230765070615,49,2023-04-26,0.0923992568332916,woothr,Wood Thrush
woothr,state,USA-VT,Vermont,NA,North America,breeding,0.41734268326939195,0.007797609289268216,0.007797609289268216,0.8894650458261226,0.009690047995419237,63,2023-07-26,0.010966595480476156,woothr,Wood Thrush
woothr,state,USA-VT,Vermont,NA,North America,postbreeding_migration,0.06061212137850358,0.006542796561914962,0.006542796561914962,0.871478731296283,0.00933935636157385,70,2023-08-30,0.012038369708668804,woothr,Wood Thrush
woothr,state,USA-VT,Vermont,NA,North America,prebreeding_migration,0.1635618049623414,0.005451615169789253,0.005451615169789253,0.9369241449098696,0.008194614936177068,28,2023-05-17,0.01040586038399682,woothr,Wood Thrush
woothr,state,USA-WI,Wisconsin,NA,North America,breeding,0.2347882878884634,0.02657914645936402,0.02657914645936402,0.6582280315876696,0.04344795606298438,63,2023-07-12,0.029318531632692976,woothr,Wood Thrush
woothr,state,USA-WI,Wisconsin,NA,North America,postbreeding_migration,0.01471320023285882,0.009622923046620465,0.009622923046620465,0.6406514550187111,0.041598522571871896,70,2023-09-06,0.02257044223761701,woothr,Wood Thrush
woothr,state,USA-WI,Wisconsin,NA,North America,prebreeding_migration,0.09715528592719544,0.01962030101229885,0.01962030101229885,0.815131875527049,0.04319643751465461,28,2023-05-17,0.0349496110309498,woothr,Wood Thrush
woothr,state,USA-WV,West Virginia,NA,North America,breeding,1.4481124868776678,0.06925367519351097,0.06925367519351097,0.9516110039056004,0.02653556618202878,63,2023-06-14,0.07480053152627118,woothr,Wood Thrush
woothr,state,USA-WV,West Virginia,NA,North America,postbreeding_migration,0.23436736502382532,0.06475494378862129,0.06475494378862129,0.9528060977644136,0.026135844847919545,77,2023-08-23,0.10158150493836446,woothr,Wood Thrush
woothr,state,USA-WV,West Virginia,NA,North America,prebreeding_migration,0.7038623442079005,0.06004860038390745,0.06004860038390745,0.9666668634945198,0.02164077513496867,42,2023-05-03,0.07652853720091016,woothr,Wood Thrush
